Indicador;Sexo;Mes;L;M;S
altura;M;0;1.0;49.8842;0.03795
altura;M;1;1.0;54.6645;0.03559
altura;M;2;1.0;58.4384;0.03423
altura;M;3;1.0;61.4013;0.03329
altura;M;4;1.0;63.9041;0.03257
altura;M;5;1.0;65.8912;0.03204
altura;M;6;1.0;67.6435;0.03165
altura;M;7;1.0;69.1615;0.03139
altura;M;8;1.0;70.6224;0.03124
altura;M;9;1.0;71.9714;0.03117
altura;M;10;1.0;73.2653;0.03118
altura;M;11;1.0;74.5464;0.03125
altura;M;12;1.0;75.7391;0.03137
altura;M;13;1.0;76.9304;0.03154
altura;M;14;1.0;78.0451;0.03174
altura;M;15;1.0;79.1613;0.03197
altura;M;16;1.0;80.2113;0.03222
altura;M;17;1.0;81.234;0.03249
altura;M;18;1.0;82.2628;0.03279
altura;M;19;1.0;83.2318;0.0331
altura;M;20;1.0;84.2074;0.03342
altura;M;21;1.0;85.1291;0.03375
altura;M;22;1.0;86.0589;0.0341
altura;M;23;1.0;86.9392;0.03445
altura;M;24;1.0;87.1303;0.03508
altura;M;25;1.0;87.9737;0.03542
altura;M;26;1.0;88.7964;0.03576
altura;M;27;1.0;89.6247;0.0361
altura;M;28;1.0;90.4056;0.03642
altura;M;29;1.0;91.1906;0.03674
altura;M;30;1.0;91.9297;0.03704
altura;M;31;1.0;92.6735;0.03733
altura;M;32;1.0;93.3753;0.03761
altura;M;33;1.0;94.0612;0.03787
altura;M;34;1.0;94.7559;0.03812
altura;M;35;1.0;95.4168;0.03836
altura;M;36;1.0;96.0889;0.03858
altura;M;37;1.0;96.7298;0.03879
altura;M;38;1.0;97.3827;0.039
altura;M;39;1.0;98.006;0.03919
altura;M;40;1.0;98.6412;0.03937
altura;M;41;1.0;99.2471;0.03954
altura;M;42;1.0;99.8441;0.0397
altura;M;43;1.0;100.4522;0.03986
altura;M;44;1.0;101.0326;0.04002
altura;M;45;1.0;101.6246;0.04017
altura;M;46;1.0;102.191;0.04031
altura;M;47;1.0;102.7706;0.04045
altura;M;48;1.0;103.3273;0.04059
altura;M;49;1.0;103.8806;0.04073
altura;M;50;1.0;104.4496;0.04086
altura;M;51;1.0;104.9984;0.041
altura;M;52;1.0;105.5641;0.04113
altura;M;53;1.0;106.1104;0.04126
altura;M;54;1.0;106.6736;0.04139
altura;M;55;1.0;107.2176;0.04152
altura;M;56;1.0;107.7788;0.04165
altura;M;57;1.0;108.3209;0.04177
altura;M;58;1.0;108.8621;0.0419
altura;M;59;1.0;109.4203;0.04202
altura;M;60;1.0;109.9593;0.04214
altura;F;0;1.0;49.1477;0.0379
altura;F;1;1.0;53.6326;0.03641
altura;F;2;1.0;57.0796;0.03568
altura;F;3;1.0;59.7773;0.0352
altura;F;4;1.0;62.1071;0.03486
altura;F;5;1.0;64.019;0.03463
altura;F;6;1.0;65.751;0.03448
altura;F;7;1.0;67.2842;0.03441
altura;F;8;1.0;68.7732;0.0344
altura;F;9;1.0;70.1463;0.03444
altura;F;10;1.0;71.4656;0.03452
altura;F;11;1.0;72.7788;0.03464
altura;F;12;1.0;74.0049;0.03479
altura;F;13;1.0;75.2297;0.03496
altura;F;14;1.0;76.377;0.03514
altura;F;15;1.0;77.5258;0.03534
altura;F;16;1.0;78.6055;0.03555
altura;F;17;1.0;79.6559;0.03576
altura;F;18;1.0;80.7121;0.03598
altura;F;19;1.0;81.708;0.0362
altura;F;20;1.0;82.7116;0.03643
altura;F;21;1.0;83.6595;0.03665
altura;F;22;1.0;84.6154;0.03689
altura;F;23;1.0;85.5184;0.03711
altura;F;24;1.0;85.7299;0.03764
altura;F;25;1.0;86.5922;0.03786
altura;F;26;1.0;87.4358;0.03808
altura;F;27;1.0;88.2881;0.0383
altura;F;28;1.0;89.0938;0.03851
altura;F;29;1.0;89.9072;0.03872
altura;F;30;1.0;90.6765;0.03893
altura;F;31;1.0;91.4539;0.03913
altura;F;32;1.0;92.1906;0.03933
altura;F;33;1.0;92.9135;0.03952
altura;F;34;1.0;93.6473;0.03971
altura;F;35;1.0;94.346;0.03989
altura;F;36;1.0;95.0572;0.04007
altura;F;37;1.0;95.7356;0.04024
altura;F;38;1.0;96.427;0.04041
altura;F;39;1.0;97.0871;0.04057
altura;F;40;1.0;97.7601;0.04074
altura;F;41;1.0;98.4028;0.04089
altura;F;42;1.0;99.0369;0.04105
altura;F;43;1.0;99.6834;0.0412
altura;F;44;1.0;100.3007;0.04135
altura;F;45;1.0;100.9301;0.0415
altura;F;46;1.0;101.5312;0.04164
altura;F;47;1.0;102.1446;0.04179
altura;F;48;1.0;102.7312;0.04193
altura;F;49;1.0;103.3113;0.04206
altura;F;50;1.0;103.9045;0.0422
altura;F;51;1.0;104.4727;0.04233
altura;F;52;1.0;105.0541;0.04247
altura;F;53;1.0;105.6114;0.04259
altura;F;54;1.0;106.1817;0.04272
altura;F;55;1.0;106.7284;0.04285
altura;F;56;1.0;107.2878;0.04298
altura;F;57;1.0;107.8238;0.0431
altura;F;58;1.0;108.3547;0.04322
altura;F;59;1.0;108.8981;0.04335
altura;F;60;1.0;109.4189;0.04346
imc;M;0;-0.3053;13.4069;0.0956
imc;M;1;0.2738;14.914;0.09035
imc;M;2;0.1113;16.3231;0.08676
imc;M;3;0.0077;16.895;0.08496
imc;M;4;-0.0732;17.1594;0.08378
imc;M;5;-0.1366;17.2914;0.08297
imc;M;6;-0.1919;17.3424;0.08233
imc;M;7;-0.2384;17.3289;0.08183
imc;M;8;-0.2808;17.2633;0.08139
imc;M;9;-0.3177;17.1659;0.08102
imc;M;10;-0.3512;17.0503;0.08068
imc;M;11;-0.383;16.9231;0.08037
imc;M;12;-0.4113;16.7992;0.08009
imc;M;13;-0.4384;16.6731;0.07982
imc;M;14;-0.4629;16.5553;0.07958
imc;M;15;-0.4867;16.4393;0.07934
imc;M;16;-0.5082;16.3335;0.07913
imc;M;17;-0.5286;16.2343;0.07893
imc;M;18;-0.5485;16.1388;0.07873
imc;M;19;-0.5667;16.0536;0.07854
imc;M;20;-0.5847;15.9737;0.07836
imc;M;21;-0.6013;15.9043;0.07818
imc;M;22;-0.6176;15.8405;0.07802
imc;M;23;-0.6328;15.7853;0.07786
imc;M;24;-0.6187;16.0189;0.07785
imc;M;25;-0.584;15.9799;0.07792
imc;M;26;-0.5501;15.9418;0.07799
imc;M;27;-0.5164;15.9034;0.07809
imc;M;28;-0.4853;15.867;0.07818
imc;M;29;-0.4549;15.8303;0.07829
imc;M;30;-0.4275;15.7954;0.07841
imc;M;31;-0.4013;15.7601;0.07854
imc;M;32;-0.3782;15.7267;0.07867
imc;M;33;-0.3575;15.6939;0.07882
imc;M;34;-0.3388;15.6609;0.07897
imc;M;35;-0.3233;15.6297;0.07913
imc;M;36;-0.31;15.5986;0.07931
imc;M;37;-0.3;15.5695;0.07949
imc;M;38;-0.2927;15.5406;0.07969
imc;M;39;-0.2884;15.5141;0.0799
imc;M;40;-0.2869;15.4881;0.08013
imc;M;41;-0.2881;15.4645;0.08036
imc;M;42;-0.2918;15.4423;0.08061
imc;M;43;-0.2982;15.4209;0.08087
imc;M;44;-0.3066;15.4015;0.08114
imc;M;45;-0.3175;15.3825;0.08144
imc;M;46;-0.3302;15.3652;0.08174
imc;M;47;-0.3455;15.3483;0.08206
imc;M;48;-0.3622;15.3326;0.08238
imc;M;49;-0.3808;15.3176;0.08272
imc;M;50;-0.402;15.3029;0.08307
imc;M;51;-0.4243;15.2892;0.08343
imc;M;52;-0.449;15.2758;0.08381
imc;M;53;-0.4745;15.2634;0.08418
imc;M;54;-0.5022;15.2513;0.08457
imc;M;55;-0.5302;15.24;0.08496
imc;M;56;-0.5604;15.229;0.08537
imc;M;57;-0.5906;15.2188;0.08577
imc;M;58;-0.6219;15.2092;0.08617
imc;M;59;-0.6554;15.2;0.08659
imc;M;60;-0.6889;15.1917;0.08699
imc;F;0;-0.0631;13.3363;0.09272
imc;F;1;0.3481;14.5422;0.09559
imc;F;2;0.1743;15.7713;0.09371
imc;F;3;0.0652;16.3531;0.09255
imc;F;4;-0.0197;16.6722;0.09166
imc;F;5;-0.086;16.8379;0.09096
imc;F;6;-0.1436;16.9086;0.09035
imc;F;7;-0.1915;16.9021;0.08984
imc;F;8;-0.2351;16.839;0.08938
imc;F;9;-0.2726;16.7404;0.08898
imc;F;10;-0.3064;16.62;0.08862
imc;F;11;-0.3382;16.4867;0.08827
imc;F;12;-0.3665;16.3578;0.08797
imc;F;13;-0.3934;16.2298;0.08768
imc;F;14;-0.4176;16.1132;0.08741
imc;F;15;-0.441;16.0013;0.08716
imc;F;16;-0.4623;15.9017;0.08693
imc;F;17;-0.4823;15.8108;0.08671
imc;F;18;-0.5018;15.726;0.0865
imc;F;19;-0.5197;15.6524;0.08631
imc;F;20;-0.5374;15.585;0.08611
imc;F;21;-0.5536;15.5281;0.08594
imc;F;22;-0.5697;15.4782;0.08576
imc;F;23;-0.5846;15.4381;0.0856
imc;F;24;-0.5684;15.6881;0.08454
imc;F;25;-0.5684;15.6589;0.08452
imc;F;26;-0.5684;15.6311;0.08449
imc;F;27;-0.5684;15.6036;0.08446
imc;F;28;-0.5684;15.5779;0.08444
imc;F;29;-0.5684;15.5521;0.08443
imc;F;30;-0.5684;15.5277;0.08444
imc;F;31;-0.5684;15.503;0.08448
imc;F;32;-0.5684;15.4798;0.08455
imc;F;33;-0.5684;15.4575;0.08467
imc;F;34;-0.5684;15.4355;0.08484
imc;F;35;-0.5684;15.4157;0.08506
imc;F;36;-0.5684;15.3966;0.08535
imc;F;37;-0.5684;15.3797;0.08569
imc;F;38;-0.5684;15.3636;0.08609
imc;F;39;-0.5684;15.3493;0.08654
imc;F;40;-0.5684;15.3356;0.08704
imc;F;41;-0.5684;15.3233;0.08757
imc;F;42;-0.5684;15.3117;0.08813
imc;F;43;-0.5684;15.3006;0.08872
imc;F;44;-0.5684;15.2906;0.08931
imc;F;45;-0.5684;15.2813;0.08992
imc;F;46;-0.5684;15.2732;0.0905
imc;F;47;-0.5684;15.266;0.0911
imc;F;48;-0.5684;15.2602;0.09168
imc;F;49;-0.5684;15.2557;0.09227
imc;F;50;-0.5684;15.2523;0.09287
imc;F;51;-0.5684;15.2503;0.09345
imc;F;52;-0.5684;15.2496;0.09404
imc;F;53;-0.5684;15.2502;0.0946
imc;F;54;-0.5684;15.2519;0.09516
imc;F;55;-0.5684;15.2543;0.09567
imc;F;56;-0.5684;15.2576;0.09618
imc;F;57;-0.5684;15.2612;0.09665
imc;F;58;-0.5684;15.2653;0.09708
imc;F;59;-0.5684;15.2698;0.0975
imc;F;60;-0.5684;15.2747;0.09789
peso;M;0;0.3487;3.3464;0.14602
peso;M;1;0.2303;4.4525;0.13413
peso;M;2;0.1969;5.5714;0.12382
peso;M;3;0.174;6.369;0.11732
peso;M;4;0.1551;7.0069;0.11313
peso;M;5;0.1396;7.5077;0.11081
peso;M;6;0.1256;7.9389;0.10957
peso;M;7;0.1134;8.2963;0.10902
peso;M;8;0.1019;8.62;0.10882
peso;M;9;0.0917;8.9019;0.10881
peso;M;10;0.0821;9.1618;0.1089
peso;M;11;0.0729;9.4136;0.10906
peso;M;12;0.0645;9.646;0.10925
peso;M;13;0.0563;9.8772;0.10949
peso;M;14;0.0487;10.0944;0.10976
peso;M;15;0.0412;10.3139;0.11008
peso;M;16;0.0343;10.5228;0.11041
peso;M;17;0.0276;10.7289;0.11078
peso;M;18;0.021;10.9393;0.1112
peso;M;19;0.0149;11.1409;0.11163
peso;M;20;0.0087;11.3478;0.11212
peso;M;21;0.0029;11.5474;0.11261
peso;M;22;-0.0029;11.7528;0.11315
peso;M;23;-0.0083;11.951;0.11369
peso;M;24;-0.0137;12.1548;0.11427
peso;M;25;-0.0189;12.3506;0.11485
peso;M;26;-0.0239;12.5442;0.11544
peso;M;27;-0.0289;12.7413;0.11604
peso;M;28;-0.0337;12.9288;0.11663
peso;M;29;-0.0385;13.1188;0.11723
peso;M;30;-0.0431;13.2993;0.11781
peso;M;31;-0.0477;13.4824;0.1184
peso;M;32;-0.052;13.6567;0.11896
peso;M;33;-0.0563;13.8285;0.11952
peso;M;34;-0.0607;14.0038;0.12008
peso;M;35;-0.0648;14.1719;0.12062
peso;M;36;-0.0689;14.3443;0.12116
peso;M;37;-0.0729;14.5102;0.12168
peso;M;38;-0.0769;14.6811;0.12221
peso;M;39;-0.0808;14.8462;0.12271
peso;M;40;-0.0846;15.0167;0.12323
peso;M;41;-0.0883;15.1816;0.12373
peso;M;42;-0.092;15.3465;0.12424
peso;M;43;-0.0957;15.5168;0.12478
peso;M;44;-0.0992;15.6815;0.12531
peso;M;45;-0.1028;15.8514;0.12587
peso;M;46;-0.1063;16.0156;0.12642
peso;M;47;-0.1098;16.1851;0.12701
peso;M;48;-0.1131;16.3489;0.12759
peso;M;49;-0.1164;16.5126;0.12818
peso;M;50;-0.1198;16.6818;0.12881
peso;M;51;-0.123;16.8454;0.12942
peso;M;52;-0.1263;17.0145;0.13006
peso;M;53;-0.1294;17.1782;0.13068
peso;M;54;-0.1326;17.3473;0.13133
peso;M;55;-0.1356;17.5107;0.13196
peso;M;56;-0.1388;17.6795;0.13262
peso;M;57;-0.1417;17.8425;0.13325
peso;M;58;-0.1447;18.0053;0.13389
peso;M;59;-0.1477;18.1732;0.13454
peso;M;60;-0.1506;18.3352;0.13517
peso;F;0;0.3809;3.2322;0.14171
peso;F;1;0.1727;4.1716;0.13738
peso;F;2;0.0959;5.1315;0.12998
peso;F;3;0.0407;5.8393;0.12622
peso;F;4;-0.0053;6.428;0.12401
peso;F;5;-0.0428;6.8959;0.12274
peso;F;6;-0.0759;7.3016;0.12204
peso;F;7;-0.1039;7.6416;0.12178
peso;F;8;-0.1292;7.9534;0.12181
peso;F;9;-0.1507;8.2259;0.12199
peso;F;10;-0.1698;8.4769;0.12222
peso;F;11;-0.1873;8.7207;0.12247
peso;F;12;-0.2022;8.9462;0.12267
peso;F;13;-0.216;9.1722;0.12283
peso;F;14;-0.2277;9.3861;0.12294
peso;F;15;-0.2385;9.6038;0.12299
peso;F;16;-0.2478;9.8124;0.12303
peso;F;17;-0.2561;10.0196;0.12305
peso;F;18;-0.2637;10.2324;0.12309
peso;F;19;-0.2702;10.4372;0.12315
peso;F;20;-0.2763;10.6481;0.12324
peso;F;21;-0.2814;10.8521;0.12335
peso;F;22;-0.2862;11.0633;0.12351
peso;F;23;-0.2903;11.2684;0.12369
peso;F;24;-0.2942;11.4809;0.1239
peso;F;25;-0.2975;11.6868;0.12414
peso;F;26;-0.3005;11.8922;0.12441
peso;F;27;-0.3033;12.1028;0.12472
peso;F;28;-0.3057;12.3042;0.12506
peso;F;29;-0.308;12.5093;0.12545
peso;F;30;-0.3101;12.7047;0.12587
peso;F;31;-0.312;12.9033;0.12634
peso;F;32;-0.3138;13.093;0.12683
peso;F;33;-0.3155;13.2809;0.12736
peso;F;34;-0.3171;13.4739;0.12794
peso;F;35;-0.3186;13.6599;0.12854
peso;F;36;-0.3201;13.8518;0.1292
peso;F;37;-0.3216;14.0373;0.12987
peso;F;38;-0.323;14.2288;0.1306
peso;F;39;-0.3243;14.4136;0.13134
peso;F;40;-0.3257;14.6041;0.13214
peso;F;41;-0.327;14.7877;0.13294
peso;F;42;-0.3283;14.9704;0.13375
peso;F;43;-0.3296;15.1584;0.13461
peso;F;44;-0.3309;15.3395;0.13544
peso;F;45;-0.3322;15.5259;0.13631
peso;F;46;-0.3335;15.7056;0.13715
peso;F;47;-0.3348;15.8908;0.13801
peso;F;48;-0.3361;16.0697;0.13884
peso;F;49;-0.3374;16.2485;0.13967
peso;F;50;-0.3387;16.433;0.14051
peso;F;51;-0.34;16.6114;0.14132
peso;F;52;-0.3414;16.7957;0.14214
peso;F;53;-0.3427;16.9737;0.14292
peso;F;54;-0.344;17.1573;0.14372
peso;F;55;-0.3453;17.3344;0.14448
peso;F;56;-0.3467;17.5166;0.14526
peso;F;57;-0.3479;17.692;0.146
peso;F;58;-0.3492;17.8664;0.14674
peso;F;59;-0.3505;18.0456;0.14749
peso;F;60;-0.3518;18.2179;0.14821
altura;M;61;1.0;110.2647;0.04164
altura;M;62;1.0;110.8006;0.04172
altura;M;63;1.0;111.3338;0.0418
altura;M;64;1.0;111.8636;0.04187
altura;M;65;1.0;112.3895;0.04195
altura;M;66;1.0;112.911;0.04203
altura;M;67;1.0;113.428;0.04211
altura;M;68;1.0;113.941;0.04218
altura;M;69;1.0;114.45;0.04226
altura;M;70;1.0;114.9547;0.04234
altura;M;71;1.0;115.4549;0.04241
altura;M;72;1.0;115.9509;0.04249
altura;M;73;1.0;116.4432;0.04257
altura;M;74;1.0;116.9325;0.04264
altura;M;75;1.0;117.4196;0.04272
altura;M;76;1.0;117.9046;0.0428
altura;M;77;1.0;118.388;0.04287
altura;M;78;1.0;118.87;0.04295
altura;M;79;1.0;119.3508;0.04303
altura;M;80;1.0;119.8303;0.04311
altura;M;81;1.0;120.3085;0.04318
altura;M;82;1.0;120.7853;0.04326
altura;M;83;1.0;121.2604;0.04334
altura;M;84;1.0;121.7338;0.04342
altura;M;85;1.0;122.2053;0.0435
altura;M;86;1.0;122.675;0.04358
altura;M;87;1.0;123.1429;0.04366
altura;M;88;1.0;123.6092;0.04374
altura;M;89;1.0;124.0736;0.04382
altura;M;90;1.0;124.5361;0.0439
altura;M;91;1.0;124.9964;0.04398
altura;M;92;1.0;125.4545;0.04406
altura;M;93;1.0;125.9104;0.04414
altura;M;94;1.0;126.364;0.04422
altura;M;95;1.0;126.8156;0.0443
altura;M;96;1.0;127.2651;0.04438
altura;M;97;1.0;127.7129;0.04446
altura;M;98;1.0;128.159;0.04454
altura;M;99;1.0;128.6034;0.04462
altura;M;100;1.0;129.0466;0.0447
altura;M;101;1.0;129.4887;0.04478
altura;M;102;1.0;129.93;0.04487
altura;M;103;1.0;130.3705;0.04495
altura;M;104;1.0;130.8103;0.04503
altura;M;105;1.0;131.2495;0.04511
altura;M;106;1.0;131.6884;0.04519
altura;M;107;1.0;132.1269;0.04527
altura;M;108;1.0;132.5652;0.04535
altura;M;109;1.0;133.0031;0.04543
altura;M;110;1.0;133.4404;0.04551
altura;M;111;1.0;133.877;0.04559
altura;M;112;1.0;134.313;0.04566
altura;M;113;1.0;134.7483;0.04574
altura;M;114;1.0;135.1829;0.04582
altura;M;115;1.0;135.6168;0.04589
altura;M;116;1.0;136.0501;0.04597
altura;M;117;1.0;136.4829;0.04604
altura;M;118;1.0;136.9153;0.04612
altura;M;119;1.0;137.3474;0.04619
altura;M;120;1.0;137.7795;0.04626
altura;M;121;1.0;138.2119;0.04633
altura;M;122;1.0;138.6452;0.0464
altura;M;123;1.0;139.0797;0.04647
altura;M;124;1.0;139.5158;0.04654
altura;M;125;1.0;139.954;0.04661
altura;M;126;1.0;140.3948;0.04667
altura;M;127;1.0;140.8387;0.04674
altura;M;128;1.0;141.2859;0.0468
altura;M;129;1.0;141.7368;0.04686
altura;M;130;1.0;142.1916;0.04692
altura;M;131;1.0;142.6501;0.04698
altura;M;132;1.0;143.1126;0.04703
altura;M;133;1.0;143.5795;0.04709
altura;M;134;1.0;144.0511;0.04714
altura;M;135;1.0;144.5276;0.04719
altura;M;136;1.0;145.0093;0.04723
altura;M;137;1.0;145.4964;0.04728
altura;M;138;1.0;145.9891;0.04732
altura;M;139;1.0;146.4878;0.04736
altura;M;140;1.0;146.9927;0.0474
altura;M;141;1.0;147.5041;0.04744
altura;M;142;1.0;148.0224;0.04747
altura;M;143;1.0;148.5478;0.0475
altura;M;144;1.0;149.0807;0.04753
altura;M;145;1.0;149.6212;0.04755
altura;M;146;1.0;150.1694;0.04758
altura;M;147;1.0;150.7256;0.04759
altura;M;148;1.0;151.2899;0.04761
altura;M;149;1.0;151.8623;0.04762
altura;M;150;1.0;152.4425;0.04763
altura;M;151;1.0;153.0298;0.04763
altura;M;152;1.0;153.6234;0.04764
altura;M;153;1.0;154.2223;0.04763
altura;M;154;1.0;154.8258;0.04763
altura;M;155;1.0;155.4329;0.04762
altura;M;156;1.0;156.0426;0.0476
altura;M;157;1.0;156.6539;0.04758
altura;M;158;1.0;157.266;0.04756
altura;M;159;1.0;157.8775;0.04754
altura;M;160;1.0;158.4871;0.04751
altura;M;161;1.0;159.0937;0.04747
altura;M;162;1.0;159.6962;0.04744
altura;M;163;1.0;160.2939;0.0474
altura;M;164;1.0;160.8861;0.04735
altura;M;165;1.0;161.472;0.0473
altura;M;166;1.0;162.0505;0.04725
altura;M;167;1.0;162.6207;0.0472
altura;M;168;1.0;163.1816;0.04714
altura;M;169;1.0;163.7321;0.04707
altura;M;170;1.0;164.2717;0.04701
altura;M;171;1.0;164.7994;0.04694
altura;M;172;1.0;165.3145;0.04687
altura;M;173;1.0;165.8165;0.04679
altura;M;174;1.0;166.305;0.04671
altura;M;175;1.0;166.7799;0.04663
altura;M;176;1.0;167.2415;0.04655
altura;M;177;1.0;167.6899;0.04646
altura;M;178;1.0;168.1255;0.04637
altura;M;179;1.0;168.5482;0.04628
altura;M;180;1.0;168.958;0.04619
altura;M;181;1.0;169.3549;0.04609
altura;M;182;1.0;169.7389;0.04599
altura;M;183;1.0;170.1099;0.04589
altura;M;184;1.0;170.468;0.04579
altura;M;185;1.0;170.8136;0.04569
altura;M;186;1.0;171.1468;0.04559
altura;M;187;1.0;171.468;0.04548
altura;M;188;1.0;171.7773;0.04538
altura;M;189;1.0;172.0748;0.04527
altura;M;190;1.0;172.3606;0.04516
altura;M;191;1.0;172.6345;0.04506
altura;M;192;1.0;172.8967;0.04495
altura;M;193;1.0;173.147;0.04484
altura;M;194;1.0;173.3856;0.04473
altura;M;195;1.0;173.6126;0.04462
altura;M;196;1.0;173.828;0.04451
altura;M;197;1.0;174.0321;0.0444
altura;M;198;1.0;174.2251;0.04429
altura;M;199;1.0;174.4071;0.04418
altura;M;200;1.0;174.5784;0.04407
altura;M;201;1.0;174.7392;0.04396
altura;M;202;1.0;174.8896;0.04385
altura;M;203;1.0;175.0301;0.04375
altura;M;204;1.0;175.1609;0.04364
altura;M;205;1.0;175.2824;0.04353
altura;M;206;1.0;175.3951;0.04343
altura;M;207;1.0;175.4995;0.04332
altura;M;208;1.0;175.5959;0.04322
altura;M;209;1.0;175.685;0.04311
altura;M;210;1.0;175.7672;0.04301
altura;M;211;1.0;175.8432;0.04291
altura;M;212;1.0;175.9133;0.04281
altura;M;213;1.0;175.9781;0.04271
altura;M;214;1.0;176.038;0.04261
altura;M;215;1.0;176.0935;0.04251
altura;M;216;1.0;176.1449;0.04241
altura;M;217;1.0;176.1925;0.04232
altura;M;218;1.0;176.2368;0.04222
altura;M;219;1.0;176.2779;0.04213
altura;M;220;1.0;176.3162;0.04204
altura;M;221;1.0;176.3518;0.04195
altura;M;222;1.0;176.3851;0.04185
altura;M;223;1.0;176.4162;0.04177
altura;M;224;1.0;176.4453;0.04168
altura;M;225;1.0;176.4724;0.04159
altura;M;226;1.0;176.4976;0.0415
altura;M;227;1.0;176.5211;0.04142
altura;M;228;1.0;176.5432;0.04134
altura;F;61;1.0;109.6016;0.04355
altura;F;62;1.0;110.1258;0.04364
altura;F;63;1.0;110.6451;0.04373
altura;F;64;1.0;111.1596;0.04382
altura;F;65;1.0;111.6696;0.0439
altura;F;66;1.0;112.1753;0.04399
altura;F;67;1.0;112.6767;0.04407
altura;F;68;1.0;113.174;0.04415
altura;F;69;1.0;113.6672;0.04423
altura;F;70;1.0;114.1565;0.04431
altura;F;71;1.0;114.6421;0.04439
altura;F;72;1.0;115.1244;0.04447
altura;F;73;1.0;115.6039;0.04454
altura;F;74;1.0;116.0812;0.04461
altura;F;75;1.0;116.5568;0.04469
altura;F;76;1.0;117.0311;0.04475
altura;F;77;1.0;117.5044;0.04482
altura;F;78;1.0;117.9769;0.04489
altura;F;79;1.0;118.4489;0.04495
altura;F;80;1.0;118.9208;0.04502
altura;F;81;1.0;119.3926;0.04508
altura;F;82;1.0;119.8648;0.04514
altura;F;83;1.0;120.3374;0.0452
altura;F;84;1.0;120.8105;0.04525
altura;F;85;1.0;121.2843;0.04531
altura;F;86;1.0;121.7587;0.04536
altura;F;87;1.0;122.2338;0.04542
altura;F;88;1.0;122.7098;0.04547
altura;F;89;1.0;123.1868;0.04551
altura;F;90;1.0;123.6646;0.04556
altura;F;91;1.0;124.1435;0.04561
altura;F;92;1.0;124.6234;0.04565
altura;F;93;1.0;125.1045;0.04569
altura;F;94;1.0;125.5869;0.04573
altura;F;95;1.0;126.0706;0.04577
altura;F;96;1.0;126.5558;0.04581
altura;F;97;1.0;127.0424;0.04585
altura;F;98;1.0;127.5304;0.04588
altura;F;99;1.0;128.0199;0.04591
altura;F;100;1.0;128.5109;0.04594
altura;F;101;1.0;129.0035;0.04597
altura;F;102;1.0;129.4975;0.046
altura;F;103;1.0;129.9932;0.04602
altura;F;104;1.0;130.4904;0.04604
altura;F;105;1.0;130.9891;0.04607
altura;F;106;1.0;131.4895;0.04608
altura;F;107;1.0;131.9912;0.0461
altura;F;108;1.0;132.4944;0.04612
altura;F;109;1.0;132.9989;0.04613
altura;F;110;1.0;133.5046;0.04614
altura;F;111;1.0;134.0118;0.04615
altura;F;112;1.0;134.5202;0.04616
altura;F;113;1.0;135.0299;0.04616
altura;F;114;1.0;135.541;0.04617
altura;F;115;1.0;136.0533;0.04617
altura;F;116;1.0;136.567;0.04616
altura;F;117;1.0;137.0821;0.04616
altura;F;118;1.0;137.5987;0.04616
altura;F;119;1.0;138.1167;0.04615
altura;F;120;1.0;138.6363;0.04614
altura;F;121;1.0;139.1575;0.04612
altura;F;122;1.0;139.6803;0.04611
altura;F;123;1.0;140.2049;0.04609
altura;F;124;1.0;140.7313;0.04607
altura;F;125;1.0;141.2594;0.04605
altura;F;126;1.0;141.7892;0.04603
altura;F;127;1.0;142.3206;0.046
altura;F;128;1.0;142.8534;0.04597
altura;F;129;1.0;143.3874;0.04594
altura;F;130;1.0;143.9222;0.04591
altura;F;131;1.0;144.4575;0.04588
altura;F;132;1.0;144.9929;0.04584
altura;F;133;1.0;145.528;0.0458
altura;F;134;1.0;146.0622;0.04576
altura;F;135;1.0;146.5951;0.04571
altura;F;136;1.0;147.1262;0.04567
altura;F;137;1.0;147.6548;0.04562
altura;F;138;1.0;148.1804;0.04557
altura;F;139;1.0;148.7023;0.04552
altura;F;140;1.0;149.2197;0.04546
altura;F;141;1.0;149.7322;0.04541
altura;F;142;1.0;150.239;0.04535
altura;F;143;1.0;150.7394;0.04529
altura;F;144;1.0;151.2327;0.04523
altura;F;145;1.0;151.7182;0.04516
altura;F;146;1.0;152.1951;0.0451
altura;F;147;1.0;152.6628;0.04503
altura;F;148;1.0;153.1206;0.04497
altura;F;149;1.0;153.5678;0.0449
altura;F;150;1.0;154.0041;0.04483
altura;F;151;1.0;154.429;0.04476
altura;F;152;1.0;154.8423;0.04468
altura;F;153;1.0;155.2437;0.04461
altura;F;154;1.0;155.633;0.04454
altura;F;155;1.0;156.0101;0.04446
altura;F;156;1.0;156.3748;0.04439
altura;F;157;1.0;156.7269;0.04431
altura;F;158;1.0;157.0666;0.04423
altura;F;159;1.0;157.3936;0.04415
altura;F;160;1.0;157.7082;0.04408
altura;F;161;1.0;158.0102;0.044
altura;F;162;1.0;158.2997;0.04392
altura;F;163;1.0;158.5771;0.04384
altura;F;164;1.0;158.8425;0.04376
altura;F;165;1.0;159.0961;0.04369
altura;F;166;1.0;159.3382;0.04361
altura;F;167;1.0;159.5691;0.04353
altura;F;168;1.0;159.789;0.04345
altura;F;169;1.0;159.9983;0.04337
altura;F;170;1.0;160.1971;0.0433
altura;F;171;1.0;160.3857;0.04322
altura;F;172;1.0;160.5643;0.04314
altura;F;173;1.0;160.7332;0.04307
altura;F;174;1.0;160.8927;0.04299
altura;F;175;1.0;161.043;0.04292
altura;F;176;1.0;161.1845;0.04284
altura;F;177;1.0;161.3176;0.04277
altura;F;178;1.0;161.4425;0.0427
altura;F;179;1.0;161.5596;0.04263
altura;F;180;1.0;161.6692;0.04255
altura;F;181;1.0;161.7717;0.04248
altura;F;182;1.0;161.8673;0.04241
altura;F;183;1.0;161.9564;0.04235
altura;F;184;1.0;162.0393;0.04228
altura;F;185;1.0;162.1164;0.04221
altura;F;186;1.0;162.188;0.04214
altura;F;187;1.0;162.2542;0.04208
altura;F;188;1.0;162.3154;0.04201
altura;F;189;1.0;162.3719;0.04195
altura;F;190;1.0;162.4239;0.04189
altura;F;191;1.0;162.4717;0.04182
altura;F;192;1.0;162.5156;0.04176
altura;F;193;1.0;162.556;0.0417
altura;F;194;1.0;162.5933;0.04164
altura;F;195;1.0;162.6276;0.04158
altura;F;196;1.0;162.6594;0.04152
altura;F;197;1.0;162.689;0.04147
altura;F;198;1.0;162.7165;0.04141
altura;F;199;1.0;162.7425;0.04136
altura;F;200;1.0;162.767;0.0413
altura;F;201;1.0;162.7904;0.04125
altura;F;202;1.0;162.8126;0.04119
altura;F;203;1.0;162.834;0.04114
altura;F;204;1.0;162.8545;0.04109
altura;F;205;1.0;162.8743;0.04104
altura;F;206;1.0;162.8935;0.04099
altura;F;207;1.0;162.912;0.04094
altura;F;208;1.0;162.93;0.04089
altura;F;209;1.0;162.9476;0.04084
altura;F;210;1.0;162.9649;0.0408
altura;F;211;1.0;162.9817;0.04075
altura;F;212;1.0;162.9983;0.04071
altura;F;213;1.0;163.0144;0.04066
altura;F;214;1.0;163.03;0.04062
altura;F;215;1.0;163.0451;0.04058
altura;F;216;1.0;163.0595;0.04053
altura;F;217;1.0;163.0733;0.04049
altura;F;218;1.0;163.0862;0.04045
altura;F;219;1.0;163.0982;0.04041
altura;F;220;1.0;163.1092;0.04037
altura;F;221;1.0;163.1192;0.04034
altura;F;222;1.0;163.1279;0.0403
altura;F;223;1.0;163.1355;0.04026
altura;F;224;1.0;163.1418;0.04023
altura;F;225;1.0;163.1469;0.04019
altura;F;226;1.0;163.1508;0.04016
altura;F;227;1.0;163.1534;0.04012
altura;F;228;1.0;163.1548;0.04009
imc;M;61;-0.7387;15.2641;0.0839
imc;M;62;-0.7621;15.2616;0.08414
imc;M;63;-0.7856;15.2604;0.08439
imc;M;64;-0.8089;15.2605;0.08464
imc;M;65;-0.8322;15.2619;0.0849
imc;M;66;-0.8554;15.2645;0.08516
imc;M;67;-0.8785;15.2684;0.08543
imc;M;68;-0.9015;15.2737;0.0857
imc;M;69;-0.9243;15.2801;0.08597
imc;M;70;-0.9471;15.2877;0.08625
imc;M;71;-0.9697;15.2965;0.08653
imc;M;72;-0.9921;15.3062;0.08682
imc;M;73;-1.0144;15.3169;0.08711
imc;M;74;-1.0365;15.3285;0.08741
imc;M;75;-1.0584;15.3408;0.08771
imc;M;76;-1.0801;15.354;0.08802
imc;M;77;-1.1017;15.3679;0.08833
imc;M;78;-1.123;15.3825;0.08865
imc;M;79;-1.1441;15.3978;0.08898
imc;M;80;-1.1649;15.4137;0.08931
imc;M;81;-1.1856;15.4302;0.08964
imc;M;82;-1.206;15.4473;0.08998
imc;M;83;-1.2261;15.465;0.09033
imc;M;84;-1.246;15.4832;0.09068
imc;M;85;-1.2656;15.5019;0.09103
imc;M;86;-1.2849;15.521;0.09139
imc;M;87;-1.304;15.5407;0.09176
imc;M;88;-1.3228;15.5608;0.09213
imc;M;89;-1.3414;15.5814;0.09251
imc;M;90;-1.3596;15.6023;0.09289
imc;M;91;-1.3776;15.6237;0.09327
imc;M;92;-1.3953;15.6455;0.09366
imc;M;93;-1.4126;15.6677;0.09406
imc;M;94;-1.4297;15.6903;0.09445
imc;M;95;-1.4464;15.7133;0.09486
imc;M;96;-1.4629;15.7368;0.09526
imc;M;97;-1.479;15.7606;0.09567
imc;M;98;-1.4947;15.7848;0.09609
imc;M;99;-1.5101;15.8094;0.09651
imc;M;100;-1.5252;15.8344;0.09693
imc;M;101;-1.5399;15.8597;0.09735
imc;M;102;-1.5542;15.8855;0.09778
imc;M;103;-1.5681;15.9116;0.09821
imc;M;104;-1.5817;15.9381;0.09864
imc;M;105;-1.5948;15.9651;0.09907
imc;M;106;-1.6076;15.9925;0.09951
imc;M;107;-1.6199;16.0205;0.09994
imc;M;108;-1.6318;16.049;0.10038
imc;M;109;-1.6433;16.0781;0.10082
imc;M;110;-1.6544;16.1078;0.10126
imc;M;111;-1.6651;16.1381;0.1017
imc;M;112;-1.6753;16.1692;0.10214
imc;M;113;-1.6851;16.2009;0.10259
imc;M;114;-1.6944;16.2333;0.10303
imc;M;115;-1.7032;16.2665;0.10347
imc;M;116;-1.7116;16.3004;0.10391
imc;M;117;-1.7196;16.3351;0.10435
imc;M;118;-1.7271;16.3704;0.10478
imc;M;119;-1.7341;16.4065;0.10522
imc;M;120;-1.7407;16.4433;0.10566
imc;M;121;-1.7468;16.4807;0.10609
imc;M;122;-1.7525;16.5189;0.10652
imc;M;123;-1.7578;16.5578;0.10695
imc;M;124;-1.7626;16.5974;0.10738
imc;M;125;-1.767;16.6376;0.1078
imc;M;126;-1.771;16.6786;0.10823
imc;M;127;-1.7745;16.7203;0.10865
imc;M;128;-1.7777;16.7628;0.10906
imc;M;129;-1.7804;16.8059;0.10948
imc;M;130;-1.7828;16.8497;0.10989
imc;M;131;-1.7847;16.8941;0.1103
imc;M;132;-1.7862;16.9392;0.1107
imc;M;133;-1.7873;16.985;0.1111
imc;M;134;-1.7881;17.0314;0.1115
imc;M;135;-1.7884;17.0784;0.11189
imc;M;136;-1.7884;17.1262;0.11228
imc;M;137;-1.788;17.1746;0.11266
imc;M;138;-1.7873;17.2236;0.11304
imc;M;139;-1.7861;17.2734;0.11342
imc;M;140;-1.7846;17.324;0.11379
imc;M;141;-1.7828;17.3752;0.11415
imc;M;142;-1.7806;17.4272;0.11451
imc;M;143;-1.778;17.4799;0.11487
imc;M;144;-1.7751;17.5334;0.11522
imc;M;145;-1.7719;17.5877;0.11556
imc;M;146;-1.7684;17.6427;0.1159
imc;M;147;-1.7645;17.6985;0.11623
imc;M;148;-1.7604;17.7551;0.11656
imc;M;149;-1.7559;17.8124;0.11688
imc;M;150;-1.7511;17.8704;0.1172
imc;M;151;-1.7461;17.9292;0.11751
imc;M;152;-1.7408;17.9887;0.11781
imc;M;153;-1.7352;18.0488;0.11811
imc;M;154;-1.7293;18.1096;0.11841
imc;M;155;-1.7232;18.171;0.11869
imc;M;156;-1.7168;18.233;0.11898
imc;M;157;-1.7102;18.2955;0.11925
imc;M;158;-1.7033;18.3586;0.11952
imc;M;159;-1.6962;18.4221;0.11979
imc;M;160;-1.6888;18.486;0.12005
imc;M;161;-1.6811;18.5502;0.1203
imc;M;162;-1.6732;18.6148;0.12055
imc;M;163;-1.6651;18.6795;0.12079
imc;M;164;-1.6568;18.7445;0.12102
imc;M;165;-1.6482;18.8095;0.12125
imc;M;166;-1.6394;18.8746;0.12148
imc;M;167;-1.6304;18.9398;0.1217
imc;M;168;-1.6211;19.005;0.12191
imc;M;169;-1.6116;19.0701;0.12212
imc;M;170;-1.602;19.1351;0.12233
imc;M;171;-1.5921;19.2;0.12253
imc;M;172;-1.5821;19.2648;0.12272
imc;M;173;-1.5719;19.3294;0.12291
imc;M;174;-1.5615;19.3937;0.1231
imc;M;175;-1.551;19.4578;0.12328
imc;M;176;-1.5403;19.5217;0.12346
imc;M;177;-1.5294;19.5853;0.12363
imc;M;178;-1.5185;19.6486;0.1238
imc;M;179;-1.5074;19.7117;0.12396
imc;M;180;-1.4961;19.7744;0.12412
imc;M;181;-1.4848;19.8367;0.12428
imc;M;182;-1.4733;19.8987;0.12443
imc;M;183;-1.4617;19.9603;0.12458
imc;M;184;-1.45;20.0215;0.12473
imc;M;185;-1.4382;20.0823;0.12487
imc;M;186;-1.4263;20.1427;0.12501
imc;M;187;-1.4143;20.2026;0.12514
imc;M;188;-1.4022;20.2621;0.12528
imc;M;189;-1.39;20.3211;0.12541
imc;M;190;-1.3777;20.3796;0.12554
imc;M;191;-1.3653;20.4376;0.12567
imc;M;192;-1.3529;20.4951;0.12579
imc;M;193;-1.3403;20.5521;0.12591
imc;M;194;-1.3277;20.6085;0.12603
imc;M;195;-1.3149;20.6644;0.12615
imc;M;196;-1.3021;20.7197;0.12627
imc;M;197;-1.2892;20.7745;0.12638
imc;M;198;-1.2762;20.8287;0.1265
imc;M;199;-1.2631;20.8824;0.12661
imc;M;200;-1.2499;20.9355;0.12672
imc;M;201;-1.2366;20.9881;0.12683
imc;M;202;-1.2233;21.04;0.12694
imc;M;203;-1.2098;21.0914;0.12704
imc;M;204;-1.1962;21.1423;0.12715
imc;M;205;-1.1826;21.1925;0.12726
imc;M;206;-1.1688;21.2423;0.12736
imc;M;207;-1.155;21.2914;0.12746
imc;M;208;-1.141;21.34;0.12756
imc;M;209;-1.127;21.388;0.12767
imc;M;210;-1.1129;21.4354;0.12777
imc;M;211;-1.0986;21.4822;0.12787
imc;M;212;-1.0843;21.5285;0.12797
imc;M;213;-1.0699;21.5742;0.12807
imc;M;214;-1.0553;21.6193;0.12816
imc;M;215;-1.0407;21.6638;0.12826
imc;M;216;-1.026;21.7077;0.12836
imc;M;217;-1.0112;21.751;0.12845
imc;M;218;-0.9962;21.7937;0.12855
imc;M;219;-0.9812;21.8358;0.12864
imc;M;220;-0.9661;21.8773;0.12874
imc;M;221;-0.9509;21.9182;0.12883
imc;M;222;-0.9356;21.9585;0.12893
imc;M;223;-0.9202;21.9982;0.12902
imc;M;224;-0.9048;22.0374;0.12911
imc;M;225;-0.8892;22.076;0.1292
imc;M;226;-0.8735;22.114;0.1293
imc;M;227;-0.8578;22.1514;0.12939
imc;M;228;-0.8419;22.1883;0.12948
imc;F;61;-0.8886;15.2441;0.09692
imc;F;62;-0.9068;15.2434;0.09738
imc;F;63;-0.9248;15.2433;0.09783
imc;F;64;-0.9427;15.2438;0.09829
imc;F;65;-0.9605;15.2448;0.09875
imc;F;66;-0.978;15.2464;0.0992
imc;F;67;-0.9954;15.2487;0.09966
imc;F;68;-1.0126;15.2516;0.10012
imc;F;69;-1.0296;15.2551;0.10058
imc;F;70;-1.0464;15.2592;0.10104
imc;F;71;-1.063;15.2641;0.10149
imc;F;72;-1.0794;15.2697;0.10195
imc;F;73;-1.0956;15.276;0.10241
imc;F;74;-1.1115;15.2831;0.10287
imc;F;75;-1.1272;15.2911;0.10333
imc;F;76;-1.1427;15.2998;0.10379
imc;F;77;-1.1579;15.3095;0.10425
imc;F;78;-1.1728;15.32;0.10471
imc;F;79;-1.1875;15.3314;0.10517
imc;F;80;-1.2019;15.3439;0.10562
imc;F;81;-1.216;15.3572;0.10608
imc;F;82;-1.2298;15.3717;0.10654
imc;F;83;-1.2433;15.3871;0.107
imc;F;84;-1.2565;15.4036;0.10746
imc;F;85;-1.2693;15.4211;0.10792
imc;F;86;-1.2819;15.4397;0.10837
imc;F;87;-1.2941;15.4593;0.10883
imc;F;88;-1.306;15.4798;0.10929
imc;F;89;-1.3175;15.5014;0.10974
imc;F;90;-1.3287;15.524;0.1102
imc;F;91;-1.3395;15.5476;0.11065
imc;F;92;-1.3499;15.5723;0.1111
imc;F;93;-1.36;15.5979;0.11156
imc;F;94;-1.3697;15.6246;0.11201
imc;F;95;-1.379;15.6523;0.11246
imc;F;96;-1.388;15.681;0.11291
imc;F;97;-1.3966;15.7107;0.11335
imc;F;98;-1.4047;15.7415;0.1138
imc;F;99;-1.4125;15.7732;0.11424
imc;F;100;-1.4199;15.8058;0.11469
imc;F;101;-1.427;15.8394;0.11513
imc;F;102;-1.4336;15.8738;0.11557
imc;F;103;-1.4398;15.909;0.11601
imc;F;104;-1.4456;15.9451;0.11644
imc;F;105;-1.4511;15.9818;0.11688
imc;F;106;-1.4561;16.0194;0.11731
imc;F;107;-1.4607;16.0575;0.11774
imc;F;108;-1.465;16.0964;0.11816
imc;F;109;-1.4688;16.1358;0.11859
imc;F;110;-1.4723;16.1759;0.11901
imc;F;111;-1.4753;16.2166;0.11943
imc;F;112;-1.478;16.258;0.11985
imc;F;113;-1.4803;16.2999;0.12026
imc;F;114;-1.4823;16.3425;0.12067
imc;F;115;-1.4838;16.3858;0.12108
imc;F;116;-1.485;16.4298;0.12148
imc;F;117;-1.4859;16.4746;0.12188
imc;F;118;-1.4864;16.52;0.12228
imc;F;119;-1.4866;16.5663;0.12268
imc;F;120;-1.4864;16.6133;0.12307
imc;F;121;-1.4859;16.6612;0.12346
imc;F;122;-1.4851;16.71;0.12384
imc;F;123;-1.4839;16.7595;0.12422
imc;F;124;-1.4825;16.81;0.1246
imc;F;125;-1.4807;16.8614;0.12497
imc;F;126;-1.4787;16.9136;0.12534
imc;F;127;-1.4763;16.9667;0.12571
imc;F;128;-1.4737;17.0208;0.12607
imc;F;129;-1.4708;17.0757;0.12643
imc;F;130;-1.4677;17.1316;0.12678
imc;F;131;-1.4642;17.1883;0.12713
imc;F;132;-1.4606;17.2459;0.12748
imc;F;133;-1.4567;17.3044;0.12782
imc;F;134;-1.4526;17.3637;0.12816
imc;F;135;-1.4482;17.4238;0.12849
imc;F;136;-1.4436;17.4847;0.12882
imc;F;137;-1.4389;17.5464;0.12914
imc;F;138;-1.4339;17.6088;0.12946
imc;F;139;-1.4288;17.6719;0.12978
imc;F;140;-1.4235;17.7357;0.13009
imc;F;141;-1.418;17.8001;0.1304
imc;F;142;-1.4123;17.8651;0.1307
imc;F;143;-1.4065;17.9306;0.13099
imc;F;144;-1.4006;17.9966;0.13129
imc;F;145;-1.3945;18.063;0.13158
imc;F;146;-1.3883;18.1297;0.13186
imc;F;147;-1.3819;18.1967;0.13214
imc;F;148;-1.3755;18.2639;0.13241
imc;F;149;-1.3689;18.3312;0.13268
imc;F;150;-1.3621;18.3986;0.13295
imc;F;151;-1.3553;18.466;0.13321
imc;F;152;-1.3483;18.5333;0.13347
imc;F;153;-1.3413;18.6006;0.13372
imc;F;154;-1.3341;18.6677;0.13397
imc;F;155;-1.3269;18.7346;0.13421
imc;F;156;-1.3195;18.8012;0.13445
imc;F;157;-1.3121;18.8675;0.13469
imc;F;158;-1.3046;18.9335;0.13492
imc;F;159;-1.297;18.9991;0.13514
imc;F;160;-1.2894;19.0642;0.13537
imc;F;161;-1.2816;19.1289;0.13559
imc;F;162;-1.2739;19.1931;0.1358
imc;F;163;-1.2661;19.2567;0.13601
imc;F;164;-1.2583;19.3197;0.13622
imc;F;165;-1.2504;19.382;0.13642
imc;F;166;-1.2425;19.4437;0.13662
imc;F;167;-1.2345;19.5045;0.13681
imc;F;168;-1.2266;19.5647;0.137
imc;F;169;-1.2186;19.624;0.13719
imc;F;170;-1.2107;19.6824;0.13738
imc;F;171;-1.2027;19.74;0.13756
imc;F;172;-1.1947;19.7966;0.13774
imc;F;173;-1.1867;19.8523;0.13791
imc;F;174;-1.1788;19.907;0.13808
imc;F;175;-1.1708;19.9607;0.13825
imc;F;176;-1.1629;20.0133;0.13841
imc;F;177;-1.1549;20.0648;0.13858
imc;F;178;-1.147;20.1152;0.13873
imc;F;179;-1.139;20.1644;0.13889
imc;F;180;-1.1311;20.2125;0.13904
imc;F;181;-1.1232;20.2595;0.1392
imc;F;182;-1.1153;20.3053;0.13934
imc;F;183;-1.1074;20.3499;0.13949
imc;F;184;-1.0996;20.3934;0.13963
imc;F;185;-1.0917;20.4357;0.13977
imc;F;186;-1.0838;20.4769;0.13991
imc;F;187;-1.076;20.517;0.14005
imc;F;188;-1.0681;20.556;0.14018
imc;F;189;-1.0603;20.5938;0.14031
imc;F;190;-1.0525;20.6306;0.14044
imc;F;191;-1.0447;20.6663;0.14057
imc;F;192;-1.0368;20.7008;0.1407
imc;F;193;-1.029;20.7344;0.14082
imc;F;194;-1.0212;20.7668;0.14094
imc;F;195;-1.0134;20.7982;0.14106
imc;F;196;-1.0055;20.8286;0.14118
imc;F;197;-0.9977;20.858;0.1413
imc;F;198;-0.9898;20.8863;0.14142
imc;F;199;-0.9819;20.9137;0.14153
imc;F;200;-0.974;20.9401;0.14164
imc;F;201;-0.9661;20.9656;0.14176
imc;F;202;-0.9582;20.9901;0.14187
imc;F;203;-0.9503;21.0138;0.14198
imc;F;204;-0.9423;21.0367;0.14208
imc;F;205;-0.9344;21.0587;0.14219
imc;F;206;-0.9264;21.0801;0.1423
imc;F;207;-0.9184;21.1007;0.1424
imc;F;208;-0.9104;21.1206;0.1425
imc;F;209;-0.9024;21.1399;0.14261
imc;F;210;-0.8944;21.1586;0.14271
imc;F;211;-0.8863;21.1768;0.14281
imc;F;212;-0.8783;21.1944;0.14291
imc;F;213;-0.8703;21.2116;0.14301
imc;F;214;-0.8623;21.2282;0.14311
imc;F;215;-0.8542;21.2444;0.1432
imc;F;216;-0.8462;21.2603;0.1433
imc;F;217;-0.8382;21.2757;0.1434
imc;F;218;-0.8301;21.2908;0.14349
imc;F;219;-0.8221;21.3055;0.14359
imc;F;220;-0.814;21.32;0.14368
imc;F;221;-0.806;21.3341;0.14377
imc;F;222;-0.798;21.348;0.14386
imc;F;223;-0.7899;21.3617;0.14396
imc;F;224;-0.7819;21.3752;0.14405
imc;F;225;-0.7738;21.3884;0.14414
imc;F;226;-0.7658;21.4014;0.14423
imc;F;227;-0.7577;21.4143;0.14432
imc;F;228;-0.7496;21.4269;0.14441
peso;M;61;-0.2026;18.5057;0.12988
peso;M;62;-0.213;18.6802;0.13028
peso;M;63;-0.2234;18.8563;0.13067
peso;M;64;-0.2338;19.034;0.13105
peso;M;65;-0.2443;19.2132;0.13142
peso;M;66;-0.2548;19.394;0.13178
peso;M;67;-0.2653;19.5765;0.13213
peso;M;68;-0.2758;19.7607;0.13246
peso;M;69;-0.2864;19.9468;0.13279
peso;M;70;-0.2969;20.1344;0.13311
peso;M;71;-0.3075;20.3235;0.13342
peso;M;72;-0.318;20.5137;0.13372
peso;M;73;-0.3285;20.7052;0.13402
peso;M;74;-0.339;20.8979;0.13432
peso;M;75;-0.3494;21.0918;0.13462
peso;M;76;-0.3598;21.287;0.13493
peso;M;77;-0.3701;21.4833;0.13523
peso;M;78;-0.3804;21.681;0.13554
peso;M;79;-0.3906;21.8799;0.13586
peso;M;80;-0.4007;22.08;0.13618
peso;M;81;-0.4107;22.2813;0.13652
peso;M;82;-0.4207;22.4837;0.13686
peso;M;83;-0.4305;22.6872;0.13722
peso;M;84;-0.4402;22.8915;0.13759
peso;M;85;-0.4499;23.0968;0.13797
peso;M;86;-0.4594;23.3029;0.13838
peso;M;87;-0.4688;23.5101;0.1388
peso;M;88;-0.4781;23.7182;0.13923
peso;M;89;-0.4873;23.9272;0.13969
peso;M;90;-0.4964;24.1371;0.14016
peso;M;91;-0.5053;24.3479;0.14065
peso;M;92;-0.5142;24.5595;0.14117
peso;M;93;-0.5229;24.7722;0.1417
peso;M;94;-0.5315;24.9858;0.14226
peso;M;95;-0.5399;25.2005;0.14284
peso;M;96;-0.5482;25.4163;0.14344
peso;M;97;-0.5564;25.6332;0.14407
peso;M;98;-0.5644;25.8513;0.14472
peso;M;99;-0.5722;26.0706;0.14539
peso;M;100;-0.5799;26.2911;0.14608
peso;M;101;-0.5873;26.5128;0.14679
peso;M;102;-0.5946;26.7358;0.14752
peso;M;103;-0.6017;26.9602;0.14828
peso;M;104;-0.6085;27.1861;0.14905
peso;M;105;-0.6152;27.4137;0.14984
peso;M;106;-0.6216;27.6432;0.15066
peso;M;107;-0.6278;27.875;0.15149
peso;M;108;-0.6337;28.1092;0.15233
peso;M;109;-0.6393;28.3459;0.15319
peso;M;110;-0.6446;28.5854;0.15406
peso;M;111;-0.6496;28.8277;0.15493
peso;M;112;-0.6543;29.0731;0.15581
peso;M;113;-0.6585;29.3217;0.1567
peso;M;114;-0.6624;29.5736;0.1576
peso;M;115;-0.6659;29.8289;0.1585
peso;M;116;-0.6689;30.0877;0.1594
peso;M;117;-0.6714;30.3501;0.16031
peso;M;118;-0.6735;30.616;0.16122
peso;M;119;-0.6752;30.8854;0.16213
peso;M;120;-0.6764;31.1586;0.16305
peso;F;61;-0.4681;18.2579;0.14295
peso;F;62;-0.4711;18.4329;0.1435
peso;F;63;-0.4742;18.6073;0.14404
peso;F;64;-0.4773;18.7811;0.14459
peso;F;65;-0.4803;18.9545;0.14514
peso;F;66;-0.4834;19.1276;0.14569
peso;F;67;-0.4864;19.3004;0.14624
peso;F;68;-0.4894;19.473;0.14679
peso;F;69;-0.4924;19.6455;0.14735
peso;F;70;-0.4954;19.818;0.1479
peso;F;71;-0.4984;19.9908;0.14845
peso;F;72;-0.5013;20.1639;0.149
peso;F;73;-0.5043;20.3377;0.14955
peso;F;74;-0.5072;20.5124;0.1501
peso;F;75;-0.51;20.6885;0.15065
peso;F;76;-0.5129;20.8661;0.1512
peso;F;77;-0.5157;21.0457;0.15175
peso;F;78;-0.5185;21.2274;0.1523
peso;F;79;-0.5213;21.4113;0.15284
peso;F;80;-0.524;21.5979;0.15339
peso;F;81;-0.5268;21.7872;0.15393
peso;F;82;-0.5294;21.9795;0.15448
peso;F;83;-0.5321;22.1751;0.15502
peso;F;84;-0.5347;22.374;0.15556
peso;F;85;-0.5372;22.5762;0.1561
peso;F;86;-0.5398;22.7816;0.15663
peso;F;87;-0.5423;22.9904;0.15717
peso;F;88;-0.5447;23.2025;0.1577
peso;F;89;-0.5471;23.418;0.15823
peso;F;90;-0.5495;23.6369;0.15876
peso;F;91;-0.5518;23.8593;0.15928
peso;F;92;-0.5541;24.0853;0.1598
peso;F;93;-0.5563;24.3149;0.16032
peso;F;94;-0.5585;24.5482;0.16084
peso;F;95;-0.5606;24.7853;0.16135
peso;F;96;-0.5627;25.0262;0.16186
peso;F;97;-0.5647;25.271;0.16237
peso;F;98;-0.5667;25.5197;0.16287
peso;F;99;-0.5686;25.7721;0.16337
peso;F;100;-0.5704;26.0284;0.16386
peso;F;101;-0.5722;26.2883;0.16435
peso;F;102;-0.574;26.5519;0.16483
peso;F;103;-0.5757;26.819;0.16532
peso;F;104;-0.5773;27.0896;0.16579
peso;F;105;-0.5789;27.3635;0.16626
peso;F;106;-0.5804;27.6406;0.16673
peso;F;107;-0.5819;27.9208;0.16719
peso;F;108;-0.5833;28.204;0.16764
peso;F;109;-0.5847;28.4901;0.16809
peso;F;110;-0.5859;28.7791;0.16854
peso;F;111;-0.5872;29.0711;0.16897
peso;F;112;-0.5883;29.3663;0.16941
peso;F;113;-0.5895;29.6646;0.16983
peso;F;114;-0.5905;29.9663;0.17025
peso;F;115;-0.5915;30.2715;0.17066
peso;F;116;-0.5925;30.5805;0.17107
peso;F;117;-0.5934;30.8934;0.17146
peso;F;118;-0.5942;31.2105;0.17186
peso;F;119;-0.595;31.5319;0.17224
peso;F;120;-0.5958;31.8578;0.17262
