alimento,modo,tipo,energia_kcal_100g,carboidratos_g_100g,proteinas_g_100g,lipidios_g_100g
Descriçăo,Descriçăo,Descriçăo,(kcal),(g),(g),(g)
Arroz, integral, cozido,123.53489250000001,25.80975,2.58825,1.0003333333333333
Arroz, integral, cru,359.6780020326088,77.45071413043479,7.323285869565217,1.8648333333333333
Arroz, tipo 1, cozido,128.25848566666664,28.059849999999994,2.5208166666666667,0.22699999999999998
Arroz, tipo 1, cru,357.789273115942,78.75954347826087,7.158539855072464,0.335
Arroz, tipo 2, cozido,130.11964833333332,28.19258333333333,2.568416666666667,0.36166666666666664
Arroz, tipo 2, cru,358.1167614565217,78.88145036231883,7.241882971014494,0.2755
Aveia, flocos, crua,393.82268944927546,66.63564057971016,13.921026086956523,8.496666666666666
Biscoito, doce, maisena,442.8193901449275,75.23414492753622,8.072521739130433,11.966666666666669
Biscoito, doce, recheado com chocolate,471.824779710145,70.54944927536232,6.397217391304348,19.583333333333332
Biscoito, doce, recheado com morango,471.1747362318841,71.01350724637682,5.719826086956521,19.573333333333334
Biscoito, doce, wafer, recheado de chocolate,502.4568579710144,67.53547826086955,5.564521739130435,24.673333333333332
Biscoito, doce, wafer, recheado de morango,513.4461826086956,67.35295652173913,4.517043478260871,26.4
Biscoito, salgado, cream cracker,431.73228115942027,68.73153623188405,10.055130434782608,14.436666666666667
Bolo, mistura para,418.6333333333333,84.71391304347826,6.159420289855073,6.126666666666666
Bolo, pronto, aipim,323.85166666666663,47.864,4.416666666666667,12.747666666666667
Bolo, pronto, chocolate,410.01366666666667,54.71775,6.222916666666666,18.472333333333335
Bolo, pronto, coco,333.4376666666667,52.276,5.666666666666666,11.296333333333331
Bolo, pronto, milho,311.387,45.10883333333334,4.804166666666667,12.415
Canjica, branca, crua,357.60258999999996,78.06099999999999,7.2,0.9710000000000001
Canjica, com leite integral,112.45677722046528,23.62773329099018,2.3606000423431395,1.2443333333333335
Cereais, milho, flocos, com sal,369.59975000000003,80.835,7.291666666666667,1.6033333333333335
Cereais, milho, flocos, sem sal,363.3383166666666,80.44833333333334,6.875,1.1833333333333333
Cereais, mingau, milho, infantil,394.42752173913044,87.26550724637681,6.431159420289855,1.0933333333333335
Cereais, mistura para vitamina, trigo, cevada e aveia,381.1333333333333,81.6175,8.895833333333332,2.12
Cereal matinal, milho,365.354163768116,83.82420289855072,7.155797101449275,0.9566666666666667
Cereal matinal, milho, aĂ§Ășcar,376.55525362318843,88.84057971014492,4.742753623188407,0.6666666666666666
Creme de arroz, pĂł,386.00119033639794,83.86938355859121,7.026949774742127,1.2260000000000002
Creme de milho, pĂł,333.03419267054403,86.1485,4.820833333333333,1.639333333333333
Curau, milho verde,78.43381831365585,13.944399957656858,2.3606000423431395,1.6369999999999998
Curau, milho verde, mistura para,402.28657743531465,79.81641666666667,2.2229166666666664,13.371333333333334
Farinha, de arroz, enriquecida,363.0564801812235,85.50400004069012,1.2693332926432292,0.3
DescriĂ§ĂŁo dos alimentos,(kcal),(g),(g),(g)
Farinha, de centeio, integral,335.77766279932655,73.29826683044433,12.515066502888997,1.7533333333333332
Farinha, de milho, amarela,350.58693322738014,79.07916666666665,7.1875,1.4666666666666666
Farinha, de rosca,370.5780966666666,75.78566666666666,11.380999619166056,1.4633333333333332
Farinha, de trigo,360.4729785507247,75.09255072463769,9.79078260869565,1.366666666666667
Farinha, lĂĄctea, de cereais,414.8505173913043,77.77086956521738,11.87913043478261,5.79
Lasanha, massa fresca, cozida,163.76366666666667,32.52216666666667,5.8125,1.1583333333333332
Lasanha, massa fresca, crua,220.3056666666667,45.05833333333334,7.008333333333333,1.3376666666666666
MacarrĂŁo, instantĂąneo,435.8647805333334,62.431653333333344,8.79168,17.236666666666668
MacarrĂŁo, trigo, cru,371.1226130434783,77.94434782608695,9.995652173913044,1.3033333333333335
MacarrĂŁo, trigo, cru, com ovos,370.5671133333334,76.62253333333335,10.320799999999998,1.97
Milho, amido, cru,361.36682387826096,87.14884391304349,0.5978260869565217,Tr
Milho, fubĂĄ, cru,353.482268115942,78.87289855072463,7.213768115942029,1.9033333333333333
Milho, verde, cru,138.166565,28.555749999999996,6.589583333333334,0.609
Milho, verde, enlatado, drenado,97.56489420289851,17.135072463768108,3.2282608695652177,2.353333333333333
Mingau tradicional, pĂł,373.4214666666667,89.33666666666667,0.5833333333333334,0.37
Pamonha, barra para cozimento, prĂ©-cozida,171.2191116666667,30.68491666666667,2.5520833333333335,4.849666666666667
PĂŁo, aveia, forma,343.0853666666667,59.56666666666666,12.35,5.693333333333334
PĂŁo, de soja,308.7263233333333,56.510333333333335,11.343,3.58
PĂŁo, glĂșten, forma,252.99402999999998,44.11899999999999,11.950999600092567,2.7266666666666666
PĂŁo, milho, forma,292.01349,56.397,8.303,3.11
PĂŁo, trigo, forma, integral,253.19361833333332,49.9415,9.425166666666666,3.6533333333333338
PĂŁo, trigo, francĂȘs,299.8101504347826,58.646434782608694,7.953565217391304,3.1033333333333335
PĂŁo, trigo, sovado,310.96494,61.452,8.398,2.84
Pastel, de carne, cru,288.70207151598953,42.01663369274139,10.74069964059194,8.793
Pastel, de carne, frito,388.37465162496756,43.76780033810934,10.104199661890666,20.136666666666667
Pastel, de queijo, cru,308.4744338873742,45.947933663050335,9.853399670282998,9.634666666666666
Pastel, de queijo, frito,422.11208003931927,48.1327336247762,8.709599708557128,22.670333333333332
Pastel, massa, crua,310.2025143333333,57.379633333333324,6.9027,5.477
Pastel, massa, frita,569.6724593333333,49.34313333333334,6.0192000000000005,40.86033333333334
Pipoca, com Ăłleo de soja, sem sal,448.334261847198,70.31258333333334,9.927083333333336,15.940999999999997
Polenta, prĂ©-cozida,102.74116666666669,23.311666666666667,2.291666666666667,0.3033333333333333
Torrada, pĂŁo francĂȘs,377.422283,74.5559,10.524100000000002,3.3009999999999997
DescriĂ§ĂŁo dos alimentos,(kcal),(g),(g),(g)
AbĂłbora, cabotian, cozida,48.04374250000001,10.760916666666668,1.44375,0.7293333333333333
AbĂłbora, cabotian, crua,38.59929420289856,8.360289855072468,1.7463768115942029,0.5366666666666667
AbĂłbora, menina brasileira, crua,13.605673913043486,3.3013043478260893,0.6086956521739131,Tr
AbĂłbora, moranga, crua,12.364436231884042,2.6665217391304306,0.9601449275362318,0.06
AbĂłbora, moranga, refogada,29.003822031756222,5.981916666666661,0.39375,0.799
AbĂłbora, pescoĂ§o, crua,24.466267949700352,6.122833333333339,0.6708333333333334,0.11599999999999999
Abobrinha, italiana, cozida,15.038520000000023,2.977000000000007,1.125,0.19899999999999998
Abobrinha, italiana, crua,19.279126086956484,4.292028985507236,1.141304347826087,0.14
Abobrinha, italiana, refogada,24.42960218765336,4.18691666666666,1.06875,0.8213333333333334
Abobrinha, paulista, crua,30.810702228816336,7.867419999999999,0.6395833333333333,0.139
Acelga, crua,20.942342499999942,4.630916666666657,1.44375,0.106
AgriĂŁo, cru,16.578801449275325,2.2515942028985423,2.6884057971014492,0.23666666666666666
Aipo, cru,19.09145664497062,4.272333333333345,0.7583333333333333,0.069
Alface, americana, crua,8.794903236866052,1.7453333333333474,0.6083333333333334,0.129
Alface, crespa, crua,10.68085652173921,1.6955072463768253,1.3478260869565217,0.16
Alface, lisa, crua,13.820901449275343,2.428260869565218,1.6884057971014494,0.12333333333333334
Alface, roxa, crua,12.716997363467993,2.4934166666666613,0.90625,0.19166666666666665
Alfavaca, crua,29.183613081057864,5.240999999999999,2.658333333333333,0.47633333333333333
Alho, cru,113.12987826086957,23.905797101449277,7.010869565217391,0.22
Alho-porĂł, cru,31.5079193532467,6.878166666666669,1.4125,0.1396666666666667
AlmeirĂŁo, cru,18.034428985507237,3.3352173913043464,1.7681159420289856,0.21666666666666667
AlmeirĂŁo, refogado,65.08191082886853,5.701499999999994,1.7041666666666666,4.847
Batata, baroa, cozida,80.11976250000004,18.947583333333334,0.8520833333333333,0.16633333333333333
Batata, baroa, crua,100.98492318840582,23.982898550724638,1.047101449275362,0.17
Batata, doce, cozida,76.75961050343517,18.422333333333338,0.6416666666666667,0.08766666666666667
Batata, doce, crua,118.24137536231882,28.19608695652174,1.257246376811594,0.13333333333333333
Batata, frita, tipo chips, industrializada,542.7346733841896,51.22233333333333,5.583333333333332,36.615
Batata, inglesa, cozida,51.588476636270656,11.94375,1.1645833333333333,Tr
Batata, inglesa, crua,64.3702260869565,14.688260869565212,1.7717391304347823,Tr
Batata, inglesa, frita,267.15742250204084,35.64033333333333,4.966666666666667,13.108666666666666
DescriĂ§ĂŁo dos alimentos,(kcal),(g),(g),(g)
Batata, inglesa, sautĂ©,67.88793615063032,14.093000000000005,1.2916666666666667,0.8963333333333333
Berinjela, cozida,18.845285556813074,4.468249999999995,0.6770833333333334,0.14833333333333332
Berinjela, crua,19.62775362318839,4.428985507246369,1.221014492753623,0.1
Beterraba, cozida,32.15432433140276,7.234916666666663,1.29375,0.09266666666666667
Beterraba, crua,48.82850869565215,11.111014492753624,1.9456521739130435,0.09
Biscoito, polvilho doce,437.54900000000004,80.53533333333334,1.2916666666666667,12.249
BrĂłcolis, cozido,24.63616311136879,4.366666666666663,2.1333333333333333,0.459
BrĂłcolis, cru,25.495131884057955,4.025072463768115,3.6449275362318847,0.26666666666666666
CarĂĄ, cozido,77.58491333333336,18.8525,1.5291666666666668,0.11233333333333334
CarĂĄ, cru,95.6331347826087,22.954057971014496,2.282608695652174,0.1366666666666667
Caruru, cru,34.03162971734997,5.973999999999993,3.2,0.585
Catalonha, crua,23.888412257373297,4.75224999999999,1.86875,0.2823333333333333
Catalonha, refogada,63.449269148826616,4.809333333333338,1.95,4.805666666666666
Cebola, crua,39.420046376811584,8.853188405797098,1.7101449275362322,0.08
Cebolinha, crua,19.515885507246438,3.370724637681165,1.865942028985507,0.35
Cenoura, cozida,29.86177771015958,6.686749999999989,0.8479166666666668,0.21833333333333335
Cenoura, crua,34.13538840579714,7.66,1.322463768115942,0.17333333333333334
ChicĂłria, crua,13.837120289855097,2.8533333333333437,1.1376811594202898,0.14333333333333334
Chuchu, cozido,18.53979053137702,4.7934166666666655,0.41458333333333336,Tr
Chuchu, cru,16.97891884057972,4.137391304347834,0.6992753623188407,0.06
Coentro, folhas desidratadas,309.0707468044758,47.955,20.875,10.386666666666668
Couve, manteiga, crua,27.05669710144928,4.333478260869559,2.873188405797101,0.5466666666666667
Couve, manteiga, refogada ,90.34481542611123,8.707666666666668,1.6666666666666667,6.594
Couve-flor, crua,22.56334927536229,4.517536231884062,1.9057971014492752,0.21333333333333335
Couve-flor, cozida,19.114140614728182,3.8754166666666765,1.2395833333333333,0.26933333333333337
Espinafre, Nova ZelĂąndia, cru,16.095694202898525,2.5736231884057963,1.996376811594203,0.24333333333333332
Espinafre, Nova ZelĂąndia, refogado,67.25365175066395,4.238583333333339,2.71875,5.434666666666668
Farinha, de mandioca, crua,360.8696985507246,87.89898550724637,1.5543478260869565,0.27666666666666667
Farinha, de mandioca, torrada,365.268975,89.19416666666666,1.2291666666666667,0.2866666666666667
Farinha, de puba,360.17977487993244,87.28533333333334,1.6166666666666667,0.46900000000000003
FĂ©cula, de mandioca,330.85055833333337,81.14916666666667,0.5208333333333333,0.2833333333333334
FeijĂŁo, broto, cru,38.723236375411325,7.758333333333329,4.166666666666666,0.10266666666666667
DescriĂ§ĂŁo dos alimentos,(kcal),(g),(g),(g)
Inhame, cru,96.69983188405796,23.23260869565217,2.0507246376811596,0.21333333333333335
JilĂł, cru,27.36514347826087,6.191159420289859,1.4021739130434783,0.22
Jurubeba, crua,125.81163499999998,23.059166666666663,4.4125,3.9096666666666664
Mandioca, cozida,125.35825000000003,30.09,0.575,0.29833333333333334
Mandioca, crua,151.4169565217391,36.16956521739131,1.1304347826086958,0.3
Mandioca, farofa, temperada,405.69394166666666,80.30416666666666,2.0625,9.12
Mandioca, frita,300.0552433891495,50.251416666666664,1.38125,11.195
ManjericĂŁo, cru,21.14767681159422,3.6444927536231915,1.985507246376812,0.39333333333333337
Maxixe, cru,13.747236086956516,2.7286956521739105,1.391304347826087,0.073
Mostarda, folha, crua,18.107389052172486,3.2365833333333267,2.110416666666667,0.16766666666666666
Nhoque, batata, cozido,180.7752739934126,36.78,5.8583333333333325,1.9433333333333334
Nabo, cru,18.18662463768122,4.147101449275376,1.2028985507246377,0.05333333333333334
Palmito, juĂ§ara, em conserva,23.199716434081346,4.328333333333326,1.7916666666666667,0.4033333333333333
Palmito, pupunha, em conserva,29.43196333333332,5.508999999999997,2.4583333333333335,0.45
PĂŁo, de queijo, assado,363.07791333333336,34.2415,5.120833333333334,24.567333333333334
PĂŁo, de queijo, cru,294.538,38.51200000000001,3.6479999999999997,13.988666666666667
Pepino, cru,9.533691304347819,2.037101449275353,0.8695652173913043,Tr
PimentĂŁo, amarelo, cru,27.92745942028985,5.9620289855072475,1.2246376811594204,0.4366666666666667
PimentĂŁo, verde, cru,21.285881159420292,4.892608695652178,1.0507246376811594,0.15
PimentĂŁo, vermelho, cru,23.28136376811601,5.466811594202911,1.039855072463768,0.1466666666666667
Polvilho, doce,351.2267333333333,86.77333333333333,0.43,Tr
Quiabo, cru,29.939262150069077,6.373916666666666,1.91875,0.299
Rabanete, cru,13.738126086956488,2.7253623188405807,1.391304347826087,0.07333333333333335
Repolho, branco, cru,17.11880289855071,3.8598550724637692,0.8768115942028986,0.14333333333333334
Repolho, roxo, cru,30.907502954324087,7.204000000000001,1.908333333333333,0.06366666666666666
Repolho, roxo, refogado,41.77352528971434,7.561583333333334,1.8020833333333333,1.2403333333333333
RĂșcula, crua,13.133256607294062,2.2196666666666607,1.7666666666666664,0.10733333333333334
Salsa, crua,33.424111594202884,5.706086956521735,3.2572463768115942,0.61
Seleta de legumes, enlatada,56.533772463768145,12.669710144927544,3.4202898550724634,0.35333333333333333
Serralha, crua,30.397934166666644,4.946749999999999,2.6729166666666666,0.7426666666666666
Taioba, crua,34.208918333333315,5.430499999999991,2.8958333333333335,0.9266666666666667
Tomate, com semente, cru,15.335156521739158,3.138840579710146,1.0978260869565217,0.17333333333333334
DescriĂ§ĂŁo dos alimentos,(kcal),(g),(g),(g)
Tomate, extrato,60.93343365217388,14.95861739130434,2.4347826086956523,0.19
Tomate, molho industrializado,38.446549460490566,7.711666666666678,1.375,0.9033333333333333
Tomate, purĂȘ,27.93687971014494,6.894347826086953,1.36231884057971,Tr
Tomate, salada,20.546909166666637,5.117916666666662,0.8104166666666668,Tr
Vagem, crua,24.898357971014487,5.347101449275358,1.786231884057971,0.17333333333333334
Abacate, cru,96.1547086956522,6.0308695652173965,1.2391304347826086,8.396666666666667
Abacaxi, cru,48.32221304347824,12.33463768115941,0.8586956521739131,0.12333333333333334
Abacaxi, polpa, congelada,30.591799194335923,7.798666666666662,0.4666666666666666,0.11333333333333333
Abiu, cru,62.42409840854006,14.926999999999998,0.8333333333333334,0.7033333333333333
AĂ§aĂ­, polpa, com xarope de guaranĂĄ e glucose,110.29759000000001,21.45516666666667,0.7208333333333334,3.6603333333333334
AĂ§aĂ­, polpa, congelada,58.04536887282133,6.2084166666666665,0.7979166666666667,3.9443333333333332
Acerola, crua,33.46227000000003,7.966416666666672,0.90625,0.20766666666666667
Acerola, polpa, congelada,21.936799999999977,5.541333333333331,0.5916666666666668,Tr
Ameixa, calda, enlatada ,182.84662000000003,46.89266666666667,0.4083333333333334,Tr
Ameixa, crua,52.54248260869565,13.851594202898553,0.7717391304347826,Tr
Ameixa, em calda, enlatada, drenada ,177.35918531537055,47.658,1.025,0.2803333333333333
AtemĂłia, crua,96.97158744792144,25.332166666666662,0.9708333333333332,0.30033333333333334
Banana, da terra, crua,128.02445217391306,33.66521739130435,1.4347826086956523,0.24
Banana, doce em barra,280.10519255063934,75.66658333333334,2.16875,0.05
Banana, figo, crua,105.08265000000002,27.80441666666667,1.13125,0.1416666666666667
Banana, maĂ§ĂŁ, crua,86.80533043478259,22.3363768115942,1.7536231884057971,0.06
Banana, nanica, crua,91.52884782608696,23.848115942028986,1.3985507246376814,0.11666666666666665
Banana, ouro, crua,112.36604782608694,29.341449275362308,1.4818840579710144,0.21
Banana, pacova, crua,77.90952792507412,20.312583333333333,1.2270833333333333,0.079
Banana, prata, crua,98.24970217391306,25.956884057971017,1.2681159420289856,0.065
Cacau, cru,74.29148000000004,19.411166666666677,0.9541666666666665,0.144
CajĂĄ-Manga, cru,45.58096877372266,11.434166666666664,1.2791666666666666,Tr
CajĂĄ, polpa, congelada,26.332269311050553,6.374416666666661,0.5895833333333333,0.16766666666666666
Caju, cru,43.065068521739114,10.288988840579705,0.9710144927536233,0.33
Caju, polpa, congelada,36.568679999999965,9.350749999999994,0.48125,0.154
DescriĂ§ĂŁo dos alimentos,(kcal),(g),(g),(g)
Caju, suco concentrado, envasado,45.10862666666668,10.733833333333331,0.4041666666666667,0.2
Caqui, chocolate, cru,71.35001811164616,19.325749999999996,0.35625,0.06933333333333334
Carambola, crua,45.740888793428724,11.481499999999997,0.8708333333333333,0.17699999999999996
Ciriguela, crua,75.59411,18.857416666666666,1.3979166666666667,0.35966666666666663
CupuaĂ§u, cru,49.42255877437193,10.433583333333335,1.1604166666666664,0.9513333333333334
CupuaĂ§u, polpa, congelada,48.79688999999999,11.386916666666668,0.84375,0.5936666666666667
Figo, cru,41.447126086956516,10.245942028985507,0.967391304347826,0.15666666666666665
Figo, enlatado, em calda,184.36071739130435,50.33840579710145,0.5615942028985508,0.15
Fruta-pĂŁo, crua,67.04561999999997,17.17441666666665,1.08125,0.18933333333333335
Goiaba, branca, com casca, crua,51.73774782608695,12.401449275362321,0.8985507246376812,0.48666666666666664
Goiaba, doce em pasta,268.9598260869565,74.1236231884058,0.5797101449275363,0
Goiaba, doce, cascĂŁo,285.58779243900375,78.70275,0.41458333333333336,0.10333333333333333
Goiaba, vermelha, com casca, crua,54.16993043478262,13.009710144927533,1.0869565217391304,0.44
Graviola, crua,61.62189837666358,15.839500000000008,0.8458333333333333,0.21
Graviola, polpa, congelada,38.27386999999997,9.782666666666657,0.5666666666666667,0.1376666666666667
Jabuticaba, crua,58.05315000000004,15.255833333333337,0.6125,0.12833333333333333
Jaca, crua,87.92034999999997,22.497583333333324,1.4020833333333336,0.265
Jambo, cru,26.91229999999998,6.494250000000001,0.8854166666666669,0.06666666666666667
JamelĂŁo, cru,41.00970891670385,10.627166666666664,0.5458333333333333,0.10966666666666665
Kiwi, cru,51.136330434782636,11.499710144927537,1.3369565217391304,0.6266666666666666
Laranja, baĂ­a, crua,45.43811739130433,11.468405797101452,0.9782608695652175,0.10333333333333335
Laranja, baĂ­a, suco,36.64948260869561,8.69782608695652,0.6521739130434783,Tr
Laranja, da terra, crua,51.471128639280764,12.860583333333317,1.0770833333333334,0.18566666666666665
Laranja, da terra, suco,40.95600731086733,9.573333333333336,0.6666666666666667,0.14200000000000002
Laranja, lima, crua,45.701038780629624,11.53375,1.05625,0.07533333333333332
Laranja, lima, suco,39.336093944132394,9.16741666666668,0.7145833333333333,0.11933333333333333
Laranja, pĂȘra, crua,36.77376521739132,8.946521739130437,1.0434782608695652,0.12666666666666668
Laranja, pĂȘra, suco,32.70975362318838,7.554202898550721,0.7391304347826088,0.07333333333333333
Laranja, valĂȘncia, crua,46.109628783385006,11.723000000000013,0.7666666666666666,0.159
Laranja, valĂȘncia, suco,36.19635058768591,8.554000000000004,0.4833333333333333,0.12433333333333334
LimĂŁo, cravo, suco,14.103733399311682,5.246666666666659,0.325,Tr
LimĂŁo, galego, suco,22.22504347826089,7.321449275362319,0.5652173913043479,0.06666666666666667
DescriĂ§ĂŁo dos alimentos,(kcal),(g),(g),(g)
LimĂŁo, tahiti, cru,31.818153430163903,11.084416666666677,0.9395833333333332,0.14
MaĂ§ĂŁ, Argentina, com casca, crua,62.531818366289116,16.587999999999997,0.225,0.246
MaĂ§ĂŁ, Fuji, com casca, crua,55.51520000000005,15.153333333333341,0.2866666666666667,Tr
MacaĂșba, crua,404.2818766666667,13.945433333333337,2.0828999999999995,40.656666666666666
 MamĂŁo, doce em calda, drenado,195.62747482178608,54.00358333333333,0.19375,0.06733333333333334
MamĂŁo, Formosa, cru,45.34074782608691,11.554782608695643,0.8152173913043478,0.12
MamĂŁo, Papaia, cru,40.156768942296566,10.439750000000016,0.45625,0.12433333333333334
 MamĂŁo verde, doce em calda, drenado,209.3762544589043,57.63666666666667,0.31666666666666665,0.09800000000000002
Manga, Haden, crua,63.50031833879153,16.662666666666667,0.4083333333333334,0.256
Manga, Palmer, crua,72.48673809168733,19.35224999999999,0.41041666666666665,0.17200000000000001
Manga, polpa, congelada,48.30588,12.518416666666665,0.38125,0.23399999999999999
Manga, Tommy Atkins, crua,50.69218260869563,12.771594202898537,0.8550724637681161,0.22
MaracujĂĄ, cru,68.43950869565214,12.264202898550717,1.9891304347826089,2.103333333333333
MaracujĂĄ, polpa, congelada,38.75969999999999,9.597499999999993,0.8125,0.17666666666666667
MaracujĂĄ, suco concentrado, envasado,41.96731999999999,9.635999999999992,0.7666666666666666,0.19333333333333336
Melancia, crua,32.60662608695646,8.139275362318838,0.8840579710144928,Tr
MelĂŁo, cru,29.369391304347808,7.525797101449274,0.6775362318840581,Tr
Mexerica, Murcote, crua,57.592778474648775,14.861999999999998,0.8833333333333334,0.134
Mexerica, Rio, crua,36.871350000000064,9.337000000000014,0.65,0.12833333333333333
Morango, cru,30.147917391304354,6.818405797101459,0.8949275362318839,0.31
NĂȘspera, crua,42.539198868195214,11.528666666666659,0.30833333333333335,Tr
Pequi, cru,204.96677,12.972916666666666,2.3354166666666667,17.971
PĂȘra, Park, crua,60.58859,16.074916666666663,0.23541666666666672,0.2303333333333333
PĂȘra, Williams, crua,53.309047826086925,14.02478260869564,0.5652173913043479,0.11
PĂȘssego, Aurora, cru,36.327599024534216,9.321000000000005,0.825,Tr
PĂȘssego, enlatado, em calda,63.142434782608696,16.880144927536232,0.7065217391304348,Tr
Pinha, crua,88.4735276668668,22.447916666666668,1.4854166666666666,0.319
Pitanga, crua,41.41552999999997,10.24416666666666,0.9291666666666665,0.169
Pitanga, polpa, congelada,19.10545950235922,4.7585833333333305,0.28541666666666665,0.12133333333333333
RomĂŁ, crua,55.73900000000001,15.105833333333335,0.4041666666666667,Tr
Tamarindo, cru,275.69564269441366,72.53175,3.20625,0.455
Tangerina, PoncĂŁ, crua,37.83059999999995,9.60999999999999,0.8478260869565218,0.07333333333333335
DescriĂ§ĂŁo dos alimentos,(kcal),(g),(g),(g)
Tangerina, PoncĂŁ, suco,36.10879999999999,8.8,0.5217391304347826,Tr
TucumĂŁ, cru,262.01519507239266,26.47458333333333,2.09375,19.076666666666668
Umbu, cru,37.016689999999976,9.395333333333333,0.8416666666666668,Tr
Umbu, polpa, congelada,33.943290000000005,8.78683333333333,0.5125,0.07033333333333334
Uva, ItĂĄlia, crua,52.873100000000065,13.573333333333345,0.7463768115942029,0.20333333333333334
Uva, Rubi, crua,49.061289999999964,12.69533333333333,0.6083333333333333,0.157
Uva, suco concentrado, envasado,57.655359999999995,14.708000000000002,Tr,Tr
Azeite, de dendĂȘ,884,,,100
Azeite, de oliva, extra virgem,884,,,100
Manteiga, com sal,725.9689268459988,0.0632999925613329,0.4147000074386597,82.361
Manteiga, sem sal,757.5404607259967,0,0.3955600070953369,86.03933333333333
Margarina, com Ăłleo hidrogenado, com sal (65% de lipĂ­deos),596.1195169563294,0,Tr,67.43433333333334
Margarina, com Ăłleo hidrogenado, sem sal (80% de lipĂ­deos),722.525625804901,0,Tr,81.73366666666665
Margarina, com Ăłleo interesterificado, com sal (65%de lipĂ­deos),594.4516933333332,0,Tr,67.24566666666665
Margarina, com Ăłleo interesterificado, sem sal (65% de lipĂ­deos),593.1374902381897,0,Tr,67.097
Ăleo, de babaĂ§u,884,,,100
Ăleo, de canola,884,,,100
Ăleo, de girassol,884,,,100
Ăleo, de milho,884,,,100
Ăleo, de pequi,884,,,100
Ăleo, de soja,884,,,100
Abadejo, filĂ©, congelado, assado,111.6155034511884,0,23.525,1.2376666666666667
Abadejo, filĂ©, congelado,cozido,91.10354839555423,0,19.34583333333333,0.9420000000000001
Abadejo, filĂ©, congelado, cru,59.11303324858347,0,13.083333333333332,0.36
Abadejo, filĂ©, congelado, grelhado,129.6435259028673,0,27.610416666666666,1.3023333333333333
Atum, conserva em Ăłleo,165.91056057890256,0,26.1875,5.996666666666666
Atum, fresco, cru,117.50099999999998,0,25.68,0.87
DescriĂ§ĂŁo dos alimentos,(kcal),(g),(g),(g)
Bacalhau, salgado, cru,135.89296666666664,0,29.036666666666665,1.32
Bacalhau, salgado, refogado,139.66070105353995,1.2241666666666786,23.979166666666664,3.606666666666667
CaĂ§ĂŁo, posta, com farinha de trigo, frita,208.33274372597532,3.100583333333332,24.952083333333334,9.954333333333333
CaĂ§ĂŁo, posta, cozida,116.01448068765795,0,25.589583333333326,0.7479999999999999
CaĂ§ĂŁo, posta, crua,83.33302501956622,0,17.854166666666668,0.7866666666666666
CamarĂŁo, Rio Grande, grande, cozido,90.01368009630838,0,18.966666666666665,1.0006666666666666
CamarĂŁo, Rio Grande, grande, cru,47.18343670543035,0,9.991666666666667,0.501
CamarĂŁo, Sete Barbas, sem cabeĂ§a, com casca, frito,231.24615385087333,2.8798333333333326,18.3875,15.620333333333333
Caranguejo, cozido,82.72150150783858,0,18.479166666666668,0.423
Corimba, cru,128.1554,-0.026666666666666172,17.366666666666667,5.986666666666667
CorimbatĂĄ, assado,261.45243941056725,0,19.897916666666667,19.566333333333333
CorimbatĂĄ, cozido,238.69610486733916,0,20.13125,16.933000000000003
Corvina de ĂĄgua doce, crua,101.00903333333332,0,18.916666666666668,2.2433333333333336
Corvina do mar, crua,94,0,18.57,1.5833333333333333
Corvina grande, assada,146.52814112536112,0,26.766666666666666,3.5736666666666665
Corvina grande, cozida,100.07812455296516,0,23.4375,2.5626666666666664
Dourada de ĂĄgua doce, fresca,131.2083147237698,0,18.810416666666665,5.641666666666667
Lambari, congelado, cru,130.84031100948653,0,16.8125,6.546666666666667
Lambari, congelado, frito,326.86839988660813,0,28.425,22.782
Lambari, fresco, cru,151.598346503218,0,15.652083333333334,9.397333333333334
Manjuba, com farinha de trigo, frita,343.55045872306823,10.24033333333333,23.45,22.593
Manjuba, frita,349.32523145536584,0,30.13958333333333,24.46
Merluza, filĂ©, assado,121.91021833333333,0,26.604166666666668,0.9213333333333334
Merluza, filĂ©, cru,89.13086666666665,0,16.606666666666666,2.02
Merluza, filĂ©, frito,191.62747837583225,0,26.929166666666664,8.496666666666668
Pescada, branca, crua,110.87629999999999,0,16.263333333333332,4.593333333333334
Pescada, branca, frita,223.0397323693037,0,27.35625,11.777000000000001
Pescada, filĂ©, com farinha de trigo, frito,283.4252144319614,5.033250000000005,21.435416666666665,19.115
Pescada, filĂ©, cru,107.20556666666666,0,16.65,4.003333333333334
Pescada, filĂ©, frito,154.270025,0,28.5875,3.57
Pescada, filĂ©, molho escabeche,141.9583228750229,5.0153333333333405,11.75,8.024
Pescadinha, crua,76.40890833333334,0,15.47916666666667,1.1433333333333333
DescriĂ§ĂŁo dos alimentos,(kcal),(g),(g),(g)
Pintado, assado,191.55914112758637,0,36.45,3.9820000000000007
Pintado, cru,91.08323333333333,0,18.55666666666667,1.3133333333333335
Pintado, grelhado,152.19008833333334,0,30.795833333333334,2.294
Porquinho, cru,93.02456666666666,0,20.49,0.6133333333333333
SalmĂŁo, filĂ©, com pele, fresco,  grelhado,228.73177513531843,0,23.91875,14.035333333333334
SalmĂŁo, sem pele, fresco, cru,169.78157991055645,0,19.252083333333335,9.708999999999998
SalmĂŁo, sem pele, fresco, grelhado,242.7065694870949,0,26.14166666666667,14.532333333333334
Sardinha, assada,164.3507883333333,0,32.17916666666667,2.9873333333333334
Sardinha, conserva em Ăłleo,284.9810048712492,0,15.939583333333335,24.048666666666666
Sardinha, frita,257.0407,0,33.38333333333334,12.693333333333333
Sardinha, inteira, crua,113.90036666666666,0,21.076666666666668,2.65
TucunarĂ©, filĂ©, congelado, cru,87.686483549277,-0.04500000000000792,17.958333333333336,1.22
Apresuntado,128.85725581200919,2.862000000000004,13.45,6.690666666666666
Caldo de carne, tablete,240.62333333333333,15.053333333333342,7.82,16.57
Caldo de galinha, tablete,251.44566666666665,10.645499999999991,6.279166666666666,20.416333333333334
Carne, bovina, acĂ©m, moĂ­do, cozido,212.42039999999997,0,26.68666666666667,10.916666666666666
Carne, bovina, acĂ©m, moĂ­do, cru,136.56233333333333,0,19.42,5.946666666666666
Carne, bovina, acĂ©m, sem gordura, cozido,214.61056666666664,0,27.27,10.883333333333333
Carne, bovina, acĂ©m, sem gordura, cru,144.02943333333332,0,20.816666666666666,6.113333333333333
Carne, bovina, almĂŽndegas, cruas,189.2566666666666,9.794166666666655,12.3125,11.203333333333333
Carne, bovina, almĂŽndegas, fritas,271.813,14.286749999999996,18.15625,15.782333333333334
Carne, bovina, bucho, cozido,133.02286666666666,0,21.64,4.503333333333334
Carne, bovina, bucho, cru,137.30316666666667,0,20.53,5.503333333333333
Carne, bovina, capa de contra-filĂ©, com gordura, crua,216.9089666666667,0,19.19666666666667,14.96
Carne, bovina, capa de contra-filĂ©, com gordura, grelhada,311.7026666666667,0,30.686666666666667,20.03
Carne, bovina, capa de contra-filĂ©, sem gordura, crua,131.06246666666664,0,21.54,4.333333333333333
Carne, bovina, capa de contra-filĂ©, sem gordura, grelhada,239.44363333333328,-0.006666666666674814,35.06333333333333,9.95
Carne, bovina, charque, cozido,262.7801422621807,0,36.364583333333336,11.918333333333335
Carne, bovina, charque, cru,248.86101810745396,0,22.71458333333333,16.837
Carne, bovina, contra-filĂ©, Ă  milanesa,351.5926591989994,12.174499999999993,20.6125,23.998
DescriĂ§ĂŁo dos alimentos,(kcal),(g),(g),(g)
Carne, bovina, contra-filĂ© de costela, cru,202.43739999999997,0,19.8,13.07
Carne, bovina, contra-filĂ© de costela, grelhado,274.91426666666666,0,29.88,16.333333333333332
Carne, bovina, contra-filĂ©, com gordura, cru,205.8567,0,21.15,12.81
Carne, bovina, contra-filĂ©, com gordura, grelhado,278.05356666666665,0,32.39666666666667,15.49
Carne, bovina, contra-filĂ©, sem gordura, cru,156.6158333333333,0,23.996666666666666,6.003333333333334
Carne, bovina, contra-filĂ©, sem gordura, grelhado,193.69156666666663,0,35.88333333333333,4.486666666666667
Carne, bovina, costela, assada,373.03886666666665,0,28.80666666666667,27.72
Carne, bovina, costela, crua,357.72246666666666,0,16.706666666666667,31.75
Carne, bovina, coxĂŁo duro, sem gordura, cozido,216.616066666667,0,31.88,8.923333333333334
Carne, bovina, coxĂŁo duro, sem gordura, cru,147.96633333333335,0,21.513333333333335,6.22
Carne, bovina, coxĂŁo mole, sem gordura, cozido,218.6751,0,32.38333333333333,8.913333333333332
Carne, bovina, coxĂŁo mole, sem gordura, cru,169.06596666666667,0,21.23,8.693333333333333
Carne, bovina, cupim, assado,330.1002908333333,0,28.63125,23.042666666666666
Carne, bovina, cupim, cru,221.3975,0,19.536666666666665,15.296666666666667
Carne, bovina, fĂ­gado, cru,141.04586666666665,1.106666666666668,20.713333333333335,5.3566666666666665
Carne, bovina, fĂ­gado, grelhado,225.0264,4.2,29.86,9.01
Carne, bovina, filĂ© mingnon, sem gordura, cru,142.86426666666665,0,21.6,5.613333333333333
Carne, bovina, filĂ© mingnon, sem gordura, grelhado,219.70259999999996,0,32.8,8.83
Carne, bovina, flanco, sem gordura, cozido,195.5753666666667,0,29.37666666666667,7.77
Carne, bovina, flanco, sem gordura, cru,141.46009999999998,0,19.996666666666666,6.216666666666666
Carne, bovina, fraldinha, com gordura, cozida,338.44573333333335,0,24.24,26.046666666666667
Carne, bovina, fraldinha, com gordura, crua,220.72376666666662,0,17.583333333333332,16.146666666666665
Carne, bovina, lagarto, cozido,222.46856666666667,0,32.86333333333334,9.106666666666667
Carne, bovina, lagarto, cru,134.86456666666663,0,20.543333333333333,5.226666666666667
Carne, bovina, lĂ­ngua, cozida,314.9016,0,21.366666666666664,24.796666666666667
Carne, bovina, lĂ­ngua, crua,215.24976666666663,0,17.09,15.773333333333333
Carne, bovina, maminha, crua,152.76586666666665,0,20.933333333333334,7.026666666666666
Carne, bovina, maminha, grelhada,153.0896758333333,0,30.735416666666666,2.422333333333333
Carne, bovina, miolo de alcatra, sem gordura, cru,162.87123333333332,0,21.61,7.826666666666667
Carne, bovina, miolo de alcatra, sem gordura, grelhado,241.36396666666667,0,31.93,11.643333333333336
Carne, bovina, mĂșsculo, sem gordura, cozido,193.80033333333333,0,31.233333333333334,6.7
Carne, bovina, mĂșsculo, sem gordura, cru,141.581,0,21.56,5.49
DescriĂ§ĂŁo dos alimentos,(kcal),(g),(g),(g)
Carne, bovina, paleta, com gordura, crua,158.7099,0,21.41,7.46
Carne, bovina, paleta, sem gordura, cozida,193.65239999999997,0,29.72,7.4
Carne, bovina, paleta, sem gordura, crua,140.9415,0,21.03,5.67
Carne, bovina, patinho, sem gordura, cru,133.46889999999996,0,21.72333333333333,4.513333333333333
Carne, bovina, patinho, sem gordura, grelhado,219.25926666666663,0,35.9,7.3133333333333335
Carne, bovina, peito, sem gordura, cozido,338.4731333333333,0,22.24666666666667,26.99333333333333
Carne, bovina, peito, sem gordura, cru,259.2756333333333,0,17.55666666666667,20.433333333333334
Carne, bovina, picanha, com gordura, crua,212.8794333333333,0,18.823333333333334,14.69
Carne, bovina, picanha, com gordura, grelhada,288.7670916666666,0,26.42083333333333,19.506666666666664
Carne, bovina, picanha, sem gordura, crua,133.52236666666667,0,21.25,4.743333333333333
Carne, bovina, picanha, sem gordura, grelhada,238.4681333333333,0,31.906666666666666,11.333333333333334
Carne, bovina, seca, cozida,312.79903369144597,0,26.93125,21.929333333333332
Carne, bovina, seca, crua,312.7484279036522,0,19.65833333333333,25.36666666666667
Coxinha de frango, frita,283.048,34.520583333333335,9.610416666666666,11.835999999999999
Croquete, de carne, cru,245.77192529714108,13.949583333333331,12.04375,15.561
Croquete, de carne, frito,346.7420146474044,18.146166666666673,16.8625,22.673333333333332
Empada de frango, prĂ©-cozida, assada,358.1916666666667,47.49291666666666,6.94375,15.605
Empada, de frango, prĂ©-cozida,377.4796666666667,35.52891666666668,7.34375,22.887666666666664
Frango, asa, com pele, crua,213.18833333333333,0,18.1,15.066666666666668
Frango, caipira, inteiro, com pele, cozido,242.88932666666665,0,23.883333333333333,15.615666666666668
Frango, caipira, inteiro, sem pele, cozido,195.76029666666665,0,29.575,7.702333333333333
Frango, coraĂ§ĂŁo, cru,221.50283333333334,0,12.583333333333336,18.6
Frango, coraĂ§ĂŁo, grelhado,207.27364333333327,0.6074166666666578,22.439583333333335,12.095999999999998
Frango, coxa, com pele, assada,215.1186475329399,0.05833333333334001,28.491666666666664,10.361333333333333
Frango, coxa, com pele, crua,161.47473333333332,0,17.093333333333334,9.81
Frango, coxa, sem pele, cozida,167.42803216441473,0,26.858333333333334,5.847333333333332
Frango, coxa, sem pele, crua,119.94746666666661,0.01999999999999702,17.813333333333333,4.8566666666666665
Frango, fĂ­gado, cru,106.48456666666667,-0.02333333333333809,17.58666666666667,3.49
Frango, filĂ©, Ă  milanesa,220.87277999999998,7.512916666666662,28.46041666666667,7.790666666666667
Frango, inteiro, com pele, cru,226.31916666666666,0,16.44333333333333,17.30666666666667
Frango, inteiro, sem pele, assado,187.3377966666667,0,28.025,7.5023333333333335
Frango, inteiro, sem pele, cozido,170.38997583333332,0,24.985416666666662,7.062333333333334
DescriĂ§ĂŁo dos alimentos,(kcal),(g),(g),(g)
Frango, inteiro, sem pele, cru,129.09640000000002,0,20.58666666666667,4.566666666666666
Frango, peito, com pele, assado,211.68314953072866,0,33.416666666666664,7.649
Frango, peito, com pele, cru,149.46526666666665,0,20.78,6.733333333333333
Frango, peito, sem pele, cozido,162.87476334631444,0,31.46875,3.16
Frango, peito, sem pele, cru,119.15926666666665,0,21.526666666666667,3.02
Frango, peito, sem pele, grelhado,159.18500719261172,0,32.03333333333334,2.4836666666666667
Frango, sobrecoxa, com pele, assada,259.60476916666664,0,28.702083333333334,15.193666666666667
Frango, sobrecoxa, com pele, crua,254.5322,0,15.46,20.9
Frango, sobrecoxa, sem pele, assada,232.88339666666667,0,29.175,12.007333333333333
Frango, sobrecoxa, sem pele, crua,161.79629999999997,0,17.57,9.62
HambĂșrguer, bovino, cru,214.836,4.15375,13.15625,16.177333333333333
HambĂșrguer, bovino, frito,258.283,6.320083333333328,19.972916666666666,17.012333333333334
HambĂșrguer, bovino, grelhado,209.8316666666667,11.333416666666674,13.15625,12.430333333333332
LingĂŒiĂ§a, frango, crua,218.10881416666666,0,14.239583333333334,17.439666666666668
LingĂŒiĂ§a, frango, frita,245.46100666666663,0,18.316666666666666,18.541999999999998
LingĂŒiĂ§a, frango, grelhada,243.6585675,0,18.189583333333335,18.402333333333335
LingĂŒiĂ§a, porco, crua,227.2034508333333,0,16.06458333333333,17.584
LingĂŒiĂ§a, porco, frita,279.54358916666666,0,20.452083333333334,21.30966666666667
LingĂŒiĂ§a, porco, grelhada,296.4896091666666,0,23.16875,21.90233333333333
Mortadela,268.8199890167316,5.81591666666666,11.952083333333334,21.649333333333335
Peru, congelado, assado,163.07139793137708,0,26.20208333333333,5.675
Peru, congelado, cru,93.72243382612864,0,18.083333333333332,1.83
Porco, bisteca, crua,164.11533659299215,0,21.5,8.016666666666666
Porco, bisteca, frita,311.1690453348557,0,33.74791666666667,18.521666666666665
Porco, bisteca, grelhada,280.0840349027713,0,28.88958333333333,17.375333333333334
Porco, costela, assada,402.16844745083654,0,30.22291666666667,30.279
Porco, costela, crua,255.60634206136066,0,18,19.816666666666666
Porco, lombo, assado,210.2346655796369,0,35.725,6.395666666666667
Porco, lombo, cru,175.6251952501138,0,22.604166666666668,8.77
Porco, orelha, salgada, crua,258.49175833333334,0,18.520833333333332,19.89
Porco, pernil, assado,262.2596066666666,0,32.13333333333333,13.863666666666667
Porco, pernil, cru,186.05575,0,20.125,11.1
DescriĂ§ĂŁo dos alimentos,(kcal),(g),(g),(g)
Porco, rabo, salgado, cru,377.41525749999994,0,15.58125,34.466
Presunto, com capa de gordura,127.84921266563737,1.3975,14.370833333333334,6.771333333333334
Presunto, sem capa de gordura,93.7432807208697,2.1456666666666697,14.291666666666666,2.7066666666666666
Quibe, assado,136.22887614158785,12.86125,14.59375,2.6763333333333335
Quibe, cru,109.49066929475465,10.774166666666666,12.354166666666666,1.6676666666666666
Quibe, frito,253.83130886964,12.337416666666657,14.889583333333334,15.799
Salame,397.8425065349341,2.9062500000000098,25.810416666666665,30.641333333333336
Toucinho, cru,592.5311749999998,0,11.479166666666666,60.25666666666666
Toucinho, frito,696.5640066666666,0,27.28333333333333,64.30866666666667
Bebida lĂĄctea, pĂȘssego,55.164833333333306,7.5700000000000065,2.1333333333333333,1.9066666666666665
Creme de Leite,221.48354127513312,4.509526639620461,1.5078066937128702,22.479333333333333
Iogurte, natural,51.48953333333329,1.9166666666666603,4.0633333333333335,3.04
Iogurte, natural, desnatado,41.49271128155834,5.773953333333329,3.8343800687789917,0.3156666666666667
Iogurte, sabor abacaxi,*,*,*,*
Iogurte, sabor morango,69.56560000000003,9.693333333333342,2.71,2.33
Iogurte, sabor pĂȘssego,67.84940000000002,9.433333333333344,2.53,2.3366666666666664
Leite, condensado,312.57259999999997,56.99666666666666,7.67,6.74
Leite, de cabra,66.41574188654329,5.246093333333333,3.0709067217508954,3.7543333333333333
Leite, de vaca, achocolatado,82.82099627199361,14.158313333333325,2.099020037651062,2.169
Leite, de vaca, desnatado, pĂł,361.60799999999995,53.04333333333334,34.69,0.9333333333333332
Leite, de vaca, desnatado, UHT,*,*,*,*
Leite, de vaca, integral,*,*,*,*
Leite, de vaca, integral, pĂł,496.6502999999999,39.18,25.42,26.903333333333336
Leite, fermentado,69.62147400000002,15.67447333333333,1.89486,0.09900000000000002
Queijo, minas, frescal,264.27312799999993,3.240313333333333,17.411020000000004,20.180666666666667
Queijo, minas, meia cura,320.72181773325985,3.5729596195220865,21.21137371381124,24.61
Queijo, mozarela,329.8707184208871,3.0493329270680736,22.64900040626526,25.183000000000003
Queijo, parmesĂŁo,452.9637553333333,1.6607199999999995,35.55361333333333,33.529333333333334
Queijo, pasteurizado,303.07980333333325,5.67633333333333,9.357333333333333,27.435333333333332
DescriĂ§ĂŁo dos alimentos,(kcal),(g),(g),(g)
Queijo, petit suisse, morango,121.105954,18.46200666666666,5.78666,2.8383333333333334
Queijo, prato,359.88046240505474,1.8785729268391926,22.661760406494142,29.106333333333335
Queijo, requeijĂŁo, cremoso,256.57814866666666,2.4324533333333336,9.629546666666666,23.441000000000003
Queijo, ricota,139.73177999999996,3.7861666666666673,12.6005,8.108666666666666
Bebida isotĂŽnica, sabores variados,25.613333333333344,6.4033333333333395,0,0
CafĂ©, infusĂŁo 10%,9.070868599613517,1.478666666666667,0.7125,0.06933333333333334
Cana, aguardente 1,215.6616,,,
Cana, caldo de,65.34359826898573,18.151000000000003,Tr,Tr
Cerveja, pilsen 2,40.72018855062866,3.3175,0.5625,Tr
ChĂĄ, erva-doce, infusĂŁo 5%,1.3970599738756386,0.3913333333333213,0,0
ChĂĄ, mate, infusĂŁo 5%,2.730749951124143,0.6429999999999931,0,0.052
ChĂĄ, preto, infusĂŁo 5%,2.24790995796521,0.6296666666666653,0,0
Coco, ĂĄgua de,21.50859424050649,5.284666666666672,0,0
Refrigerante, tipo ĂĄgua tĂŽnica,30.7794,7.953333333333339,0,0
Refrigerante, tipo cola,33.514200000000045,8.66000000000001,0,0
Refrigerante, tipo guaranĂĄ,38.7,10,0,0
Refrigerante, tipo laranja,45.62730000000003,11.79,0,0
Refrigerante, tipo limĂŁo,39.71910000000001,10.263333333333335,0,0
Omelete, de queijo,268.00677218242487,0.43716666666666804,15.570833333333333,22.007666666666665
Ovo, de codorna, inteiro, cru,176.89389999999997,0.7724999999999986,13.6875,12.68
Ovo, de galinha, clara, cozida/10minutos,59.43569666666667,0,13.447916666666668,0.08900000000000001
Ovo, de galinha, gema, cozida/10minutos,352.67334000000005,1.5600000000000065,15.9,30.777
Ovo, de galinha, inteiro, cozido/10minutos,145.70017,0.6149166666666736,13.29375,9.476333333333333
Ovo, de galinha, inteiro, cru,143.11173333333335,1.6366666666666725,13.03,8.9
Ovo, de galinha, inteiro, frito,240.1872240091165,1.1936666666666627,15.616666666666667,18.592666666666666
Achocolatado, pĂł,401.02,91.17666666666666,4.203333333333333,2.1666666666666665
AĂ§Ășcar, cristal,386.84572399999996,99.61,0.32,Tr
DescriĂ§ĂŁo dos alimentos,(kcal),(g),(g),(g)
AĂ§Ășcar, mascavo,368.55482252438867,94.45,0.7583333333333333,0.09200000000000001
AĂ§Ășcar, refinado,386.5748239999999,99.54,0.32,Tr
Chocolate, ao leite,539.5866666666667,59.576666666666675,7.22,30.26666666666667
Chocolate, ao leite, com castanha do ParĂĄ,558.8763333333334,55.37683333333334,7.4125,34.191
Chocolate, ao leite, dietĂ©tico,556.8243333333334,56.32341666666667,6.897916666666666,33.771
Chocolate, meio amargo,474.91776997327383,62.42288990116119,4.862443432172139,29.856666666666666
Cocada branca,448.84545242331023,81.38316662629445,1.1218333737055461,13.586999999999998
Doce, de abĂłbora, cremoso,198.9360630496343,54.61333333333334,0.9166666666666666,0.20666666666666667
Doce, de leite, cremoso,306.31013023105874,59.49337323506673,5.478293431599935,5.992999999999999
GelĂ©ia, mocotĂł, natural,106.08666666666662,24.231666666666662,2.125,0.07333333333333332
Glicose de milho,292.1184052991867,79.38,0,0
Maria mole,301.2358875369997,73.55348320229848,3.8128501310348506,0.19
Maria mole, coco queimado,306.6318969970185,75.05938319810231,3.9349501352310177,0.08933333333333333
Marmelada,257.24147319380444,70.76333333333334,0.4,0.13733333333333334
Mel, de abelha,309.24266666666665,84.03333333333333,0,0
Melado,296.5064912319183,76.61666666666666,0,0
Quindim,411.3487215708494,46.298833333333334,4.7375,24.425
Rapadura,351.9581221015453,90.79241666666667,0.9895833333333333,0.07066666666666667
CafĂ©, pĂł, torrado,418.6186666666666,65.75333333333332,14.7,11.946666666666667
Capuccino, pĂł,417.4066666666667,73.61416666666665,11.3125,8.633333333333333
Fermento em pĂł, quĂ­mico,89.72206665112176,43.91133334795634,0.4753333187103272,0.07333333333333333
Fermento, biolĂłgico, levedura, tablete,89.79486703058885,7.698667188326523,16.956999478340148,1.5176666666666667
Gelatina, sabores variados, pĂł,380.22290000000004,89.22333333333333,8.886666666666667,Tr
Sal, dietĂ©tico,,,,
Sal, grosso,,,,
Shoyu,60.92774987538659,11.6475,3.3125,0.32666666666666666
Tempero a base de sal,21.33,2.0733333333333377,2.666666666666667,0.26333333333333336
Azeitona, preta, conserva,194.1538470209837,5.544500000000004,1.1625,20.345
DescriĂ§ĂŁo dos alimentos,(kcal),(g),(g),(g)
Azeitona, verde, conserva,136.93643000000003,4.101750000000001,0.9479166666666665,14.215666666666666
Chantilly, spray, com gordura vegetal,314.9560002666667,16.85500006666667,0.525,27.270666666666667
Leite, de coco,166.16030161554647,2.1945999635060494,1.0140667031606039,18.364333333333335
Maionese, tradicional com ovos,302.1526776878237,7.899749999999999,0.58125,30.497666666666664
AcarajĂ©,289.21166666666664,19.113833333333332,8.345833333333335,19.930333333333333
Arroz carreteiro,153.772,11.584833333333329,10.829166666666667,7.124
BaiĂŁo de dois, arroz e feijĂŁo-de-corda,135.68133333333333,20.41775,6.239583333333332,3.2279999999999998
Barreado,164.9752340474129,0.23625,18.26875,9.534
Bife Ă  cavalo, com contra filĂ©,291.2295092449586,0,23.660416666666663,21.146666666666665
Bolinho de arroz,273.51433333333335,41.682750000000006,8.039583333333333,8.291666666666666
CamarĂŁo Ă  baiana,100.78304300403595,3.1736666666666653,7.941666666666666,5.967666666666667
Charuto, de repolho,78.23472922221822,10.133166666666673,6.779166666666665,1.1166666666666667
Cuscuz, de milho, cozido com sal,113.45948166666666,25.281416666666665,2.15625,0.6796666666666665
Cuscuz, paulista,142.123,22.513666666666666,2.558333333333333,4.648333333333333
CuxĂĄ, molho,80.09161563650767,5.7389166666666656,5.64375,3.5926666666666667
Dobradinha,124.50020083333331,0,19.772916666666664,4.442333333333333
Estrogonofe de carne,173.1413643180132,2.975416666666672,15.03125,10.802999999999999
Estrogonofe de frango,156.80610301323728,2.593916666666657,17.552083333333336,7.9623333333333335
FeijĂŁo tropeiro mineiro,151.56185683095453,19.58183333333333,10.170833333333333,6.790666666666667
L,116.9334573110342,11.641833333333333,8.670833333333333,6.477333333333334
Frango, com aĂ§afrĂŁo,112.78376884122686,4.062083333333325,9.697916666666666,6.17
MacarrĂŁo, molho bolognesa,119.53177144556008,22.522366831779475,4.934299834887187,0.8896666666666667
ManiĂ§oba,134.22289340098695,3.419333333333327,9.958333333333332,8.699333333333334
Quibebe,86.349230299592,6.644083333333324,8.55625,2.672
Salada, de legumes, com maionese,96.10358839845655,8.923999999999994,1.05,7.039000000000001
Salada, de legumes, cozida no vapor,35.40810429847241,7.089083333333335,2.00625,0.3116666666666667
SalpicĂŁo, de frango,147.8645961340268,4.568999999999992,13.925,7.8406666666666665
Sarapatel,122.98185821243132,1.09408333333334,18.47291666666667,4.42
Tabule,57.45347668848058,10.581003360112511,2.046329973220825,1.208
DescriĂ§ĂŁo dos alimentos,(kcal),(g),(g),(g)
TacacĂĄ,46.88917715120316,3.39,6.958333333333335,0.35966666666666663
Tapioca, com manteiga,347.8265562578241,63.59175,0.08958333333333332,10.908333333333333
Tucupi, com pimenta-de-cheiro,27.1837984027266,4.737749999999988,2.05625,0.2836666666666667
Vaca atolada,144.89697968479,10.061416666666673,5.122916666666667,9.322000000000001
VatapĂĄ,254.89328572415508,9.748499784151715,5.99783354918162,23.226333333333333
Virado Ă  paulista,306.94678645131984,14.10908333333333,10.18125,25.590666666666664
Yakisoba,112.80204125340781,18.251333333333335,7.5166666666666675,2.6069999999999998
Amendoim, grĂŁo, cru,544.0526557994334,20.313533333333336,27.190800189971927,43.85
Amendoim, torrado, salgado,605.7810929170192,18.702486509641012,22.475180157025655,53.96333333333334
Ervilha, em vagem,88.09358199977854,14.227583333333328,7.4520833333333325,0.47100000000000003
Ervilha, enlatada, drenada,73.8447043478261,13.44217391304348,4.597826086956522,0.38
FeijĂŁo, carioca, cozido,76.42408566666668,13.591033333333334,4.775,0.5423333333333334
FeijĂŁo, carioca, cru,329.0267362318841,61.22144927536232,19.981884057971016,1.2566666666666666
FeijĂŁo, fradinho, cozido,78.00889666666667,13.499583333333337,5.09375,0.644
FeijĂŁo, fradinho, cru,339.16476666666665,61.24,20.208333333333336,2.365
FeijĂŁo, jalo, cozido,92.73992,16.495250000000002,6.14375,0.512
FeijĂŁo, jalo, cru,327.90526666666665,61.47916666666666,20.104166666666668,0.9466666666666667
FeijĂŁo, preto, cozido,77.02726666666668,14.00516666666666,4.479166666666667,0.5356666666666666
FeijĂŁo, preto, cru,323.5657115942029,58.75246376811595,21.344202898550723,1.24
FeijĂŁo, rajado, cozido,84.7018527334929,15.2675,5.5375,0.4
FeijĂŁo, rajado, cru,325.84441116273405,62.92916666666667,17.270833333333332,1.17
FeijĂŁo, rosinha, cozido,67.86622877142827,11.822749999999997,4.539583333333333,0.47733333333333333
FeijĂŁo, rosinha, cru,336.9619111275673,62.22333333333333,20.916666666666668,1.33
FeijĂŁo, roxo, cozido,76.89338231790063,12.90816666666666,5.720833333333334,0.5383333333333334
FeijĂŁo, roxo, cru,331.4149774567286,59.98666666666666,22.166666666666668,1.2366666666666666
GrĂŁo-de-bico, cru,354.70287658909956,57.88416666666667,21.229166666666664,5.43
Guandu, cru,344.1336512849927,64.00041666666667,18.964583333333334,2.132
Lentilha, cozida,92.63876625229915,16.30224999999999,6.310416666666667,0.5246666666666667
DescriĂ§ĂŁo dos alimentos,(kcal),(g),(g),(g)
Lentilha, crua,339.1412402035533,62.00449275362318,23.152173913043477,0.77
PaĂ§oca, amendoim,486.9270864645243,52.37616666666666,15.995833333333334,26.075333333333333
PĂ©-de-moleque, amendoim,503.1903658399557,54.73042657470704,13.162240091959635,28.048333333333336
Soja, farinha,403.955845810399,38.43989975929261,36.0301002407074,14.633333333333333
Soja, extrato solĂșvel, natural, fluido,39.10485527535076,4.275263333333342,2.3810700159072873,1.606
Soja, extrato solĂșvel, pĂł,458.8957294378677,28.482833333333335,35.68750023841858,26.180999999999997
Soja, queijo (tofu),64.48509407389021,2.126823333333333,6.553176710446675,3.953333333333333
TremoĂ§o, cru,381.27817396012944,43.786333333333324,33.575,10.341999999999999
TremoĂ§o, em conserva,120.64258534487091,12.38933333333334,11.108333333333333,3.7840000000000003
AmĂȘndoa, torrada, salgada,580.7469545560705,29.547240000000002,18.554759385108948,47.324333333333335
Castanha-de-caju, torrada, salgada,570.167626501619,29.13496600055695,18.50936733277639,46.279666666666664
Castanha-do-Brasil, crua,642.9630716810693,15.078659898440039,14.536340101559956,63.459
Coco, cru,406.4873531078099,10.401665876893027,3.69183412310697,41.976333333333336
Coco,  verde, cru,*,*,*,*
Farinha, de mesocarpo de babaĂ§u, crua,328.7714002448336,79.17306661605835,1.4062667172749839,0.19800000000000004
Gergelim, semente,583.5467147545495,21.617665904998766,21.164667428334557,50.43266666666667
LinhaĂ§a, semente,495.09611384365076,43.31219949315389,14.083867173512777,32.25293333333334
PinhĂŁo, cozido,174.36990200000002,43.917633333333335,2.980366666666666,0.747
Pupunha, cozida,218.53388087660073,29.569416666666662,2.5229166666666667,12.761666666666668
Noz, crua,620.0600197905668,18.36386616388957,13.9708005027771,59.35966666666667
as anĂĄlises estĂŁo sendo reavaliadas,,,,
Valores em branco nesta tabela: anĂĄlises nĂŁo solicitadas,,,,
Teores alcoĂłlicos (g/100g): Âč Cana, aguardente: 31,1 e ÂČ Cerveja, pilsen: 3,6.,,,,
"AbreviaĂ§Ă”es: g: grama; mg: micrograma; kcal: kilocaloria; kJ: kilojoule; mg:miligrama; NA: nĂŁo aplicĂĄvel; Tr: traĂ§o. Adotou-se traĂ§o nas seguintes situaĂ§Ă”es: a)valores de nutrientes arredondados para nĂșmeros que caiam entre 0 e 0,5; b) valores de nutrientes arredondados para nĂșmeros com uma casa decimal que caiam entre 0 e 0,05; c) valores de nutrientes arredondados para nĂșmeros com duas casas decimais que caiam entre 0 e 0,005 e; d) valores abaixo dos limites de quantificaĂ§ĂŁo (29).,,,,"
"Limites de QuantificaĂ§ĂŁo: a) composiĂ§ĂŁo centesimal: 0,1g/100g; b) colesterol: 1mg/100g; c) Cu, Fe, Mn, e Zn: 0,001mg/100g; d) Ca, Na: 0,04mg/100g; e) K e P: 0,001mg/100g; f) Mg 0,015mg/100g; g) tiamina, riboflavina e piridoxina: 0,03mg/100g; h) niacina e vitamina C: 1mg/100g; i) retinol em produtos cĂĄrneos e outros: 3ÎŒg/100g e; j) retinol em lĂĄcteos: 20ÎŒg/100g.,,,,"
Valores correspondentes Ă  somatĂłria do resultado analĂ­tico do retinol mais o valor calculado com base no teor de carotenĂłides segundo o livro Fontes brasileiras de carotenĂłides: tabela brasileira de composiĂ§ĂŁo de carotenĂłides em alimentos.,,,,
Valores retirados do livro Fontes brasileiras de carotenĂłides: tabela brasileira de composiĂ§ĂŁo de carotenĂłides em alimentos.,,,,
